time,A_1,course,lat,lot,speed,imuAx,imuAy,imuAz,imuCx,imuCy,imuCz,imuGx,imuGy,imuGz,T_1,P,A_2,Time_Data,NH3,CO,NO2,C3H8,C4H10,CH4,H2,C2H5OH,T_3,RH,T_2
14:34:48,2199.7,245.28,6.168382,-75.4195,1.55,0.01,0.17,0.99,9.38,8.79,50.39,-3.9,0.64,0.87,23.5,79267.0,2023.15,131.938,0.005,0.0356999999999999,0.004,3.5418000000000003,2.6572000000000005,2.9393,0.0053,0.0124,21.87,71.19,25.25
14:35:12,2171.8,10.07,6.168496,-75.419763,0.0,-0.01,0.19,0.97,9.08,8.79,50.68,-3.59,0.88,1.02,23.7,79278.0,2022.03,155.769,0.0043,0.031,0.0040999999999999,2.8561,2.2135,1.7416,0.0043,0.0103,22.14,69.53,25.5
14:35:35,2171.8,10.07,6.168496,-75.419763,0.0,-0.02,0.18,0.95,9.38,8.2,50.98,-3.57,0.6,0.59,23.9,79284.0,2021.42,179.133,0.0038,0.0283,0.0043,2.3812,1.8968,1.2454,0.0037,0.0091,22.39,68.66,25.5
14:35:59,2171.8,10.07,6.168496,-75.419763,0.0,0.01,0.18,1.03,8.79,9.08,50.39,-3.51,1.05,0.98,24.0,79284.0,2021.42,202.998,0.0033,0.0253,0.0045,1.9113,1.5738,0.8234,0.0032,0.0079,22.57,67.7,25.75
14:36:23,2171.8,10.07,6.168496,-75.419763,0.0,0.01,0.17,0.99,8.5,8.79,50.68,-3.72,0.75,1.08,24.1,79286.0,2021.22,226.786,0.0029,0.0239,0.0046,1.6149,1.364,0.6723,0.0029,0.0073,22.68,66.16,25.75
14:36:46,2171.8,10.07,6.168496,-75.419763,0.0,0.0,0.15,0.95,8.2,8.2,50.39,-3.55,0.54,0.94,24.3,79286.0,2021.22,250.133,0.0027,0.0237999999999999,0.0048,1.4486,1.2438,0.6570999999999999,0.0029,0.0073,22.82,65.55,26.0
14:37:10,2171.8,10.07,6.168496,-75.419763,0.0,0.01,0.16,0.97,8.5,8.2,50.68,-3.19,0.72,0.82,24.4,79318.0,2017.97,273.973,0.0025,0.0231,0.0049,1.2619,1.1063,0.5857,0.0027,0.0069999999999999,22.96,65.34,26.25
14:37:34,2171.8,10.07,6.168496,-75.419763,0.0,-0.01,0.17,0.97,8.79,8.5,50.68,-3.55,0.25,0.6,24.5,79296.0,2020.2,297.758,0.0024,0.0237999999999999,0.005,1.1779000000000002,1.0434,0.6570999999999999,0.0029,0.0073,23.14,65.22,26.25
14:37:57,2171.8,10.07,6.168496,-75.419763,0.0,0.01,0.17,0.99,8.79,9.08,50.39,-3.64,0.6,0.4,24.6,79311.0,2018.68,321.088,0.0022,0.0227999999999999,0.0052,1.0262,0.9282,0.5590999999999999,0.0027,0.0068,23.21,63.74,26.37
14:38:21,2171.8,10.07,6.168496,-75.419763,0.0,0.01,0.15,0.99,8.2,8.5,50.39,-2.91,1.3,0.76,24.7,79313.0,2018.48,344.951,0.0021,0.0233999999999999,0.0052,0.9769,0.8901,0.6134000000000001,0.0028,0.0070999999999999,23.28,64.05,26.37
14:38:45,2171.8,10.07,6.168496,-75.419763,0.0,0.01,0.17,0.96,8.79,8.79,50.1,-3.74,0.21,0.53,24.8,79313.0,2018.48,368.717,0.002,0.0227999999999999,0.0054,0.8851,0.8186,0.5590999999999999,0.0027,0.0068,23.35,63.76,26.5
14:39:08,2171.8,10.07,6.168496,-75.419763,0.0,-0.01,0.17,0.96,8.79,8.2,50.39,-4.01,1.15,1.01,24.9,79310.0,2018.78,392.05,0.0019,0.0225,0.0054,0.8259000000000001,0.7719,0.5336,0.0026,0.0067,23.48,63.28,26.62
14:39:32,2171.8,10.07,6.168496,-75.419763,0.0,-0.02,0.16,0.96,8.79,8.79,50.1,-3.38,0.42,0.83,25.0,79311.0,2018.68,415.925,0.0018,0.0222,0.0056,0.763,0.7217,0.5091,0.0026,0.0066,23.57,63.89,26.62
14:39:56,2171.8,10.07,6.168496,-75.419763,0.0,0.01,0.15,0.99,8.79,8.79,50.1,-3.72,0.7,0.87,25.1,79307.0,2019.09,439.689,0.0017,0.0218,0.0056999999999999,0.7048000000000001,0.6746,0.4743,0.0025,0.0065,23.68,63.87,26.75
14:40:19,2171.8,10.07,6.168496,-75.419763,0.0,0.01,0.16,0.99,8.5,9.08,50.68,-3.36,0.57,1.07,25.2,79320.0,2017.77,463.026,0.0016,0.0215,0.0058,0.6507999999999999,0.6305,0.4522,0.0025,0.0064,23.78,62.29,26.87
14:40:43,2171.8,10.07,6.168496,-75.419763,0.0,0.01,0.15,0.97,8.2,9.38,49.8,-3.53,1.01,0.92,25.3,79313.0,2018.48,486.9,0.0015,0.0203,0.006,0.5657,0.5598,0.3636,0.0022,0.0059,23.89,62.6,27.0
14:41:07,2171.8,10.07,6.168496,-75.419763,0.0,-0.01,0.18,0.96,8.79,8.79,50.1,-3.59,0.64,0.91,25.4,79318.0,2017.97,510.657,0.0014,0.021,0.0060999999999999,0.5489,0.5456,0.4108,0.0024,0.0060999999999999,24.03,61.61,27.12
14:41:30,2171.8,10.07,6.168496,-75.419763,0.0,0.02,0.15,1.0,8.5,9.08,49.8,-2.96,0.87,0.82,25.4,79325.0,2017.26,533.99,0.0014,0.0206,0.0062,0.5115,0.5139,0.3818999999999999,0.0023,0.006,24.05,61.05,27.0
14:41:54,2171.8,10.07,6.168496,-75.419763,0.0,-0.0,0.17,0.96,8.2,8.5,50.39,-3.57,0.63,0.63,25.5,79326.0,2017.16,557.85,0.0013,0.0204,0.0064,0.4813,0.488,0.3727,0.0023,0.0059,24.08,61.02,27.0
14:42:18,2171.8,10.07,6.168496,-75.419763,0.0,0.0,0.16,0.96,8.79,8.5,50.98,-3.38,1.0,0.69,25.6,79342.0,2015.53,581.623,0.0013,0.0206,0.0064,0.4669,0.4756,0.3818999999999999,0.0023,0.006,24.12,61.44,27.12
14:42:41,2171.8,10.07,6.168496,-75.419763,0.0,-0.01,0.17,0.95,8.5,8.79,50.1,-3.27,0.78,0.98,25.6,79319.0,2017.87,604.955,0.0012,0.0200999999999999,0.0064,0.4392,0.4515,0.3547999999999999,0.0022,0.0058,24.21,61.76,27.37
14:43:05,2171.8,10.07,6.168496,-75.419763,0.0,0.02,0.18,1.02,9.38,8.5,49.8,-3.86,0.53,1.04,25.7,79326.0,2017.16,628.839,0.0012,0.0208,0.0065,0.4392,0.4515,0.4009,0.0023,0.0060999999999999,24.26,60.96,27.37
14:43:29,2171.8,10.07,6.168496,-75.419763,0.0,-0.01,0.18,0.97,9.08,9.08,50.39,-3.77,0.37,0.67,25.7,79325.0,2017.26,652.602,0.0012,0.0208,0.0065,0.4216,0.4361,0.4009,0.0023,0.0060999999999999,24.33,60.96,27.37
14:43:52,2171.8,10.07,6.168496,-75.419763,0.0,-0.02,0.17,0.94,8.5,8.79,49.51,-3.68,0.39,0.39,25.8,79329.0,2016.85,675.935,0.0012,0.0207,0.0067,0.4046,0.4211,0.3913,0.0023,0.006,24.4,60.76,27.5
14:44:16,2171.8,10.07,6.168496,-75.419763,0.0,0.0,0.14,0.97,8.79,9.08,49.8,-3.17,1.01,0.95,25.9,79332.0,2016.55,699.793,0.0011,0.0200999999999999,0.0068,0.3764,0.3961,0.3547999999999999,0.0022,0.0058,24.5,61.08,27.5
14:44:40,2171.8,10.07,6.168496,-75.419763,0.0,-0.01,0.2,0.98,7.91,8.5,50.1,-3.88,0.45,0.76,26.1,79327.0,2017.06,723.561,0.0011,0.0206,0.0068,0.3764,0.3961,0.3818999999999999,0.0023,0.006,24.59,61.07,27.75
14:45:03,2171.8,10.07,6.168496,-75.419763,0.0,-0.01,0.18,0.95,7.91,9.08,49.8,-3.91,0.73,1.17,26.1,79327.0,2017.06,746.891,0.0011,0.0207,0.0068,0.3686999999999999,0.3892,0.3913,0.0023,0.006,24.72,61.15,27.75
14:45:27,2171.8,10.07,6.168496,-75.419763,0.0,0.01,0.18,0.98,8.2,8.5,50.1,-3.52,0.68,0.54,26.1,79326.0,2017.16,770.752,0.0011,0.0207,0.0069,0.3611,0.3824,0.3913,0.0023,0.006,24.82,61.28,27.87
14:45:51,2171.8,10.07,6.168496,-75.419763,0.0,0.01,0.16,0.98,9.08,8.79,49.8,-3.26,1.19,0.5,26.2,79339.0,2015.84,794.541,0.001,0.0204,0.0073,0.3322,0.3561999999999999,0.3727,0.0023,0.0059,24.97,60.37,27.87
14:46:14,2171.8,10.07,6.168496,-75.419763,0.0,0.0,0.18,0.94,8.2,8.5,50.1,-3.76,0.49,0.81,26.3,79330.0,2016.75,817.872,0.001,0.0208,0.0075,0.3322,0.3561999999999999,0.4009,0.0023,0.0060999999999999,25.08,59.6,28.0
14:46:38,2171.8,10.07,6.168496,-75.419763,0.0,0.02,0.16,0.98,8.2,8.79,49.8,-3.29,0.63,0.89,26.5,79333.0,2016.45,841.728,0.001,0.0208,0.0076,0.3218999999999999,0.3469,0.4009,0.0023,0.0060999999999999,25.22,60.04,28.12
14:47:02,2171.8,10.07,6.168496,-75.419763,0.0,-0.01,0.17,0.99,8.2,8.5,49.8,-3.84,0.89,1.26,26.5,79340.0,2015.74,865.502,0.001,0.0208,0.0077,0.3119,0.3377,0.4009,0.0023,0.0060999999999999,25.32,59.27,28.25
14:47:25,2171.8,10.07,6.168496,-75.419763,0.0,0.01,0.18,1.0,8.79,8.2,49.51,-3.17,1.12,0.45,26.7,79342.0,2015.53,888.836,0.001,0.0203,0.0079,0.2959,0.3228999999999999,0.3636,0.0022,0.0059,25.4,58.94,28.37
14:47:49,2171.8,10.07,6.168496,-75.419763,0.0,0.02,0.16,1.02,8.2,8.5,49.8,-3.29,1.12,1.14,26.8,79352.0,2014.52,912.735,0.0009,0.0195,0.008,0.2747,0.3031,0.3134,0.0021,0.0056,25.47,58.56,28.37
14:48:13,2171.8,10.07,6.168496,-75.419763,0.0,0.01,0.15,0.99,8.5,8.2,50.68,-3.3,0.58,0.78,26.9,79341.0,2015.64,936.486,0.0009,0.0200999999999999,0.0079,0.2776,0.3059,0.3547999999999999,0.0022,0.0058,25.53,58.16,28.62
14:48:36,2171.8,10.07,6.168496,-75.419763,0.0,-0.01,0.17,0.96,8.79,8.79,49.8,-3.68,0.67,0.67,27.0,79346.0,2015.13,959.801,0.0009,0.0200999999999999,0.008,0.2747,0.3031,0.3547999999999999,0.0022,0.0058,25.64,58.09,28.62
14:49:00,2171.8,10.07,6.168496,-75.419763,0.0,-0.02,0.18,0.95,8.5,9.08,50.1,-3.68,0.21,0.6,27.0,79341.0,2015.64,983.686,0.0009,0.0200999999999999,0.008,0.266,0.295,0.3547999999999999,0.0022,0.0058,25.68,57.94,28.75
14:49:24,2171.8,10.07,6.168496,-75.419763,0.0,0.01,0.15,0.99,8.79,7.91,50.68,-4.05,1.63,0.83,27.1,79349.0,2014.82,1007.44,0.0009,0.0207,0.008,0.2718,0.3004,0.3913,0.0023,0.006,25.72,57.61,28.75
14:49:47,2171.8,10.07,6.168496,-75.419763,0.0,0.01,0.18,0.98,8.5,7.91,49.22,-3.49,0.79,0.62,27.2,79345.0,2015.23,1030.767,0.0009,0.0206,0.008,0.266,0.295,0.3818999999999999,0.0023,0.006,25.8,57.34,28.87
14:50:11,2171.8,10.07,6.168496,-75.419763,0.0,-0.01,0.19,0.97,8.2,8.2,50.1,-3.49,1.05,0.53,27.3,79339.0,2015.84,1054.649,0.0009,0.0206,0.008,0.2603999999999999,0.2897,0.3818999999999999,0.0023,0.006,25.87,57.75,29.0
14:50:35,2171.8,10.07,6.168496,-75.419763,0.0,0.17,-0.14,0.99,9.08,8.2,49.8,-0.11,2.07,1.4,27.4,79387.0,2010.97,1078.404,0.0009,0.0207,0.0081999999999999,0.2548,0.2844,0.3913,0.0023,0.006,25.97,57.76,29.12
14:50:58,2171.8,10.07,6.168496,-75.419763,0.0,-0.01,0.47,1.02,8.2,8.2,49.22,-9.76,-2.51,-0.65,27.4,79414.0,2008.23,1101.733,0.0009,0.021,0.008,0.2576,0.287,0.4108,0.0024,0.0060999999999999,26.03,55.47,29.12
14:51:22,2171.8,10.07,6.168496,-75.419763,0.0,-0.02,0.43,1.18,8.5,8.2,49.8,-3.54,2.43,1.46,27.4,79363.0,2013.4,1125.626,0.0009,0.0215,0.0083,0.2576,0.287,0.4522,0.0025,0.0064,26.08,54.98,29.12
14:51:46,2158.2,268.37,6.168398000000001,-75.41976899999999,4.76,-0.06,0.16,0.61,9.08,8.5,49.8,-1.14,-1.99,-0.55,27.5,79535.0,1995.97,1149.378,0.0009,0.0224,0.0084,0.2632,0.2923,0.5212,0.0026,0.0067,26.16,55.53,29.12
14:52:09,2156.5,272.55,6.168682,-75.420069,5.38,0.13,0.26,1.06,8.79,8.5,49.51,-5.22,2.78,-0.65,27.6,79576.0,1991.82,1172.702,0.0009,0.0222,0.0084,0.2632,0.2923,0.5091,0.0026,0.0066,26.26,55.73,29.25
14:52:33,2154.1,268.23,6.16867,-75.421038,9.74,0.03,0.18,1.2,9.38,8.2,49.22,0.73,1.28,0.34,27.6,79501.0,1999.41,1196.578,0.0009,0.0224,0.0083,0.2603999999999999,0.2897,0.5212,0.0026,0.0067,26.33,55.27,29.25
14:52:57,2158.8,271.07,6.168647,-75.422156,9.76,0.01,0.28,1.12,8.5,8.5,49.8,-4.27,-1.05,0.52,27.6,79458.0,2003.77,1220.347,0.0009,0.0222,0.0083,0.2603999999999999,0.2897,0.5091,0.0026,0.0066,26.47,55.44,29.37
14:53:20,2163.8,342.59,6.168793,-75.423106,8.37,-0.07,0.25,0.95,-1.46,15.53,46.88,-2.04,-4.29,-10.0,27.8,79523.0,1997.19,1243.677,0.0009,0.0222,0.0083,0.2576,0.287,0.5091,0.0026,0.0066,26.57,56.39,29.5
14:53:44,2181.1,1.91,6.17141,-75.42308100000001,46.67,-0.44,0.44,1.04,-2.05,18.75,46.88,7.87,-5.1,0.42,27.9,79101.0,2040.02,1267.576,0.0009,0.0224,0.0083,0.2576,0.287,0.5212,0.0026,0.0067,26.61,56.0,29.62
14:54:08,2245.6,358.43,6.17924,-75.423025,85.71,-0.08,-0.03,0.92,-2.34,17.87,46.29,3.66,11.47,-0.24,27.9,78175.0,2134.66,1291.328,0.0009,0.0229,0.0083,0.2632,0.2923,0.5722999999999999,0.0027,0.0069,26.65,52.3,29.5
14:54:31,2326.5,346.87,6.1891300000000005,-75.424738,98.95,-0.43,0.12,0.89,-2.05,15.23,47.17,5.93,0.66,0.21,27.9,77149.0,2240.6,1314.635,0.0009,0.0229,0.0083,0.2603999999999999,0.2897,0.5722999999999999,0.0027,0.0069,26.71,51.09,29.5
14:54:55,2484.8,348.41,6.2004,-75.427263,108.9,0.42,-0.42,1.05,-1.46,14.94,46.88,-9.36,-10.09,4.75,27.9,76142.0,2345.68,1338.565,0.0009,0.0225,0.0083,0.2494,0.2793,0.5336,0.0026,0.0067,26.79,48.73,29.5
14:55:19,2599.8,348.73,6.21283,-75.429838,116.91,0.04,-0.26,1.2,-0.59,14.65,47.46,-0.82,-9.35,1.43,27.9,75300.0,2434.42,1362.287,0.0009,0.0227999999999999,0.0083,0.2521,0.2818,0.5590999999999999,0.0027,0.0068,26.83,46.12,29.5
14:55:42,2718.3,349.31,6.225204,-75.432225,118.09,0.09,-0.09,1.05,-1.17,15.53,51.86,0.55,6.68,1.04,27.9,74386.0,2531.65,1385.589,0.0009,0.0233999999999999,0.0083,0.2521,0.2818,0.6134000000000001,0.0028,0.0070999999999999,26.93,43.97,29.5
14:56:06,2832.5,349.97,6.238187,-75.43459399999999,118.39,0.32,0.31,1.1,-1.76,16.11,49.22,-3.75,1.43,-0.69,28.0,73413.0,2636.23,1409.513,0.0009,0.0235,0.0083,0.2521,0.2818,0.6277,0.0028,0.0070999999999999,27.03,42.57,29.62
14:56:30,2944.6,349.11,6.251126999999999,-75.436813,118.65,-0.15,-0.12,1.13,-1.46,16.41,49.22,-3.92,-6.32,3.73,27.9,72408.0,2745.44,1433.244,0.0009,0.0236,0.0084,0.2494,0.2793,0.6422,0.0028,0.0072,27.05,40.82,29.5
14:56:53,3014.6,344.89,6.263905,-75.439856,128.34,-0.02,-0.0,0.9,-1.46,15.82,48.93,-3.01,3.48,1.63,27.9,71802.0,2811.88,1456.573,0.0008,0.0236,0.0084,0.2441,0.2742,0.6422,0.0028,0.0072,27.08,39.63,29.5
14:57:17,3071.3,344.68,6.277798000000001,-75.443688,131.03,0.09,-0.05,0.69,-0.88,15.82,48.63,1.05,8.24,-4.07,28.0,71316.0,2865.5,1480.46,0.0008,0.0235,0.0086,0.2414,0.2717,0.6277,0.0028,0.0070999999999999,27.08,39.39,29.5
14:57:41,3116.7,345.83,6.2920620000000005,-75.44745,135.02,0.16,-0.39,1.16,-2.05,15.82,48.93,0.46,-1.36,0.81,28.0,70946.0,2906.52,1504.204,0.0008,0.0235,0.0086,0.2387999999999999,0.2692,0.6277,0.0027,0.0068,27.12,38.61,29.62
14:58:04,3133.5,347.88,6.306155,-75.45071300000001,137.14,-0.03,0.32,0.58,-1.76,16.7,48.34,-3.14,-1.85,0.96,28.0,70796.0,2923.2,1527.537,0.0008,0.0236,0.0087,0.2362999999999999,0.2667,0.6422,0.0028,0.0072,27.14,38.2,29.5
14:58:28,3149.0,350.13,6.321255000000001,-75.453581,136.51,0.03,0.03,1.05,-1.76,16.7,48.93,-12.75,-1.1,-1.26,27.9,70696.0,2934.33,1551.454,0.0008,0.0232,0.0087,0.2287,0.2594,0.5993999999999999,0.0028,0.0069999999999999,27.15,38.27,29.5
14:58:52,3166.5,350.48,6.33635,-75.45599399999999,136.58,-0.3,0.01,0.63,-1.76,17.29,48.34,-13.02,4.09,-0.3,27.8,70554.0,2950.16,1575.174,0.0008,0.0232,0.0089,0.2237,0.2546,0.5993999999999999,0.0028,0.0069999999999999,27.18,37.44,29.5
14:59:15,3177.2,346.92,6.3507050000000005,-75.45881899999999,136.7,0.2,0.11,0.83,-1.76,16.11,48.63,15.37,4.34,2.55,28.0,70484.0,2957.98,1598.495,0.0008,0.0231,0.0089,0.2213,0.2523,0.5857,0.0027,0.0069999999999999,27.18,38.34,29.62
14:59:39,3176.2,343.75,6.365541,-75.462863,138.1,0.03,-0.36,1.08,-0.88,16.11,49.22,-7.39,-1.07,-2.22,28.0,70453.0,2961.44,1622.426,0.0008,0.0233999999999999,0.0089,0.2237,0.2546,0.6134000000000001,0.0028,0.0070999999999999,27.14,38.34,29.62
15:00:03,3177.2,343.06,6.380385,-75.467331,139.93,0.33,0.14,1.08,-1.46,15.82,48.93,2.65,11.09,-0.52,28.0,70436.0,2963.34,1646.145,0.0008,0.0235,0.0089,0.2213,0.2523,0.6277,0.0028,0.0070999999999999,27.18,38.0,29.62
15:00:26,3181.8,342.48,6.394798000000001,-75.471744,141.28,-0.03,-0.43,1.08,-0.88,15.53,48.93,-3.04,-0.86,-0.81,28.0,70422.0,2964.9,1669.471,0.0008,0.0233999999999999,0.0089,0.2189,0.2408,0.5212,0.0026,0.0067,27.14,37.44,29.5
15:00:50,3195.5,344.39,6.409739,-75.476263,139.1,-0.22,-0.13,0.98,-1.76,15.82,48.93,-5.65,1.5,0.86,27.9,70333.0,2974.85,1693.37,0.0008,0.0233999999999999,0.009,0.2165,0.2476,0.6134000000000001,0.0028,0.0070999999999999,27.14,37.09,29.62
15:01:14,3175.4,343.82,6.42488,-75.480456,141.11,0.21,0.27,0.99,-1.17,16.11,49.22,-25.9,-3.4,1.96,27.8,70437.0,2963.23,1717.11,0.0008,0.0233999999999999,0.009,0.2141,0.2453,0.6134000000000001,0.0028,0.0070999999999999,27.14,36.67,29.37
15:01:37,3175.8,340.13,6.439334,-75.4851,142.26,0.05,0.15,1.19,-0.59,15.82,48.63,-14.9,-5.13,-0.37,27.6,70474.0,2959.09,1740.433,0.0008,0.0233999999999999,0.0091,0.2118,0.2430999999999999,0.6134000000000001,0.0028,0.0070999999999999,27.09,37.02,29.25
15:02:01,3171.2,337.54,6.454025,-75.49114399999999,141.93,0.0,0.28,0.96,-0.59,14.65,48.93,-8.33,0.95,0.02,27.6,70504.0,2955.74,1764.304,0.0008,0.0235,0.0091,0.2118,0.2430999999999999,0.6277,0.0028,0.0070999999999999,27.04,38.18,29.37
15:02:25,3166.0,338.51,6.468532,-75.496981,140.65,-0.14,-0.08,1.26,-0.88,15.23,48.34,-10.16,-2.76,-0.85,27.6,70512.0,2954.85,1788.077,0.0007,0.0231,0.0093,0.2048999999999999,0.2362999999999999,0.5857,0.0027,0.0069999999999999,27.01,38.66,29.25
15:02:48,3151.7,338.92,6.482753,-75.5025,143.29,0.02,0.37,0.91,-1.17,14.94,49.22,-5.68,3.63,3.3,27.6,70629.0,2941.8,1811.405,0.0008,0.0235,0.0091,0.2095,0.2408,0.6277,0.0028,0.0070999999999999,26.93,40.53,29.25
15:03:12,3124.2,341.67,6.497677,-75.50795600000001,137.82,0.07,0.03,1.27,-0.59,15.53,48.93,-3.41,0.05,1.16,27.5,70898.0,2911.85,1835.275,0.0008,0.0235,0.0091,0.2095,0.2408,0.6277,0.0028,0.0070999999999999,26.93,41.79,29.12
15:03:36,3139.5,343.31,6.511617,-75.512244,125.76,0.28,0.37,1.07,-1.46,14.94,50.39,6.54,-1.6,1.26,27.6,70840.0,2918.3,1859.045,0.0008,0.0236,0.0091,0.2095,0.2408,0.6422,0.0028,0.0072,26.86,41.3,29.25
15:03:59,3124.7,341.05,6.5245120000000005,-75.51638100000001,126.9,0.05,0.45,0.94,-1.17,14.94,48.93,-12.19,0.49,-0.18,27.8,70985.0,2902.18,1882.374,0.0008,0.0235,0.0091,0.2095,0.2408,0.6277,0.0028,0.0070999999999999,26.8,41.57,29.5
15:04:23,3094.8,340.35,6.537883,-75.52121899999999,127.99,0.01,-0.09,1.15,-1.17,14.94,48.34,-2.47,-2.22,2.59,28.0,71159.0,2882.88,1906.275,0.0008,0.0235,0.0091,0.2072,0.2385,0.6277,0.0028,0.0070999999999999,26.76,41.64,29.5
15:04:47,3081.3,342.59,6.551472,-75.52585,125.84,0.12,0.19,0.95,-0.59,15.82,49.51,-2.45,1.05,1.25,27.8,71301.0,2867.16,1930.017,0.0007,0.0236,0.0091,0.2048999999999999,0.2362999999999999,0.6422,0.0028,0.0072,26.76,41.9,29.5
15:05:10,3057.7,345.7,6.564543,-75.529481,128.95,0.06,-0.07,0.9,-1.17,15.82,48.63,0.95,1.54,2.08,27.9,71494.0,2845.83,1953.34,0.0007,0.0236,0.0091,0.2048999999999999,0.2362999999999999,0.6422,0.0028,0.0072,26.71,42.41,29.37
15:05:34,3051.6,345.45,6.578281,-75.533,125.82,0.15,0.34,0.74,-1.76,16.11,49.22,1.6,6.54,2.2,27.9,71524.0,2842.51,1977.238,0.0007,0.0236,0.0093,0.2026,0.2341,0.6422,0.0028,0.0072,26.72,42.37,29.5
15:05:58,3039.1,345.88,6.591815,-75.536506,123.73,0.02,0.06,0.86,-1.46,16.11,49.51,-10.99,-0.89,0.53,27.9,71595.0,2834.68,2000.977,0.0007,0.0233999999999999,0.0093,0.196,0.2276,0.6134000000000001,0.0028,0.0070999999999999,26.72,42.64,29.5
15:06:21,3036.5,348.45,6.604775,-75.539569,123.33,-0.28,-0.02,1.28,-1.46,16.41,49.51,-18.53,-2.63,-0.07,27.7,71642.0,2829.5,2024.305,0.0007,0.0233999999999999,0.0093,0.196,0.2276,0.6134000000000001,0.0028,0.0070999999999999,26.69,42.63,29.12
15:06:45,3024.6,349.17,6.618413,-75.542056,124.14,0.19,0.48,0.81,-1.46,16.99,49.51,-4.02,-0.75,0.46,27.7,71674.0,2825.98,2048.198,0.0007,0.0236,0.0093,0.1982,0.2297,0.6422,0.0028,0.0072,26.61,42.83,29.25
15:07:09,3007.2,347.84,6.632086999999999,-75.545006,125.17,0.33,-0.24,0.94,-1.76,16.41,49.22,-1.75,-3.55,-1.27,27.8,71765.0,2815.95,2071.946,0.0007,0.0236,0.0093,0.196,0.2276,0.6422,0.0028,0.0072,26.65,43.47,29.5
15:07:32,3009.1,348.99,6.645222,-75.54745600000001,122.57,-0.3,0.21,1.0,-1.76,17.29,49.51,3.31,1.07,1.26,27.9,71773.0,2815.07,2095.278,0.0007,0.0236,0.0093,0.196,0.2276,0.6422,0.0028,0.0072,26.59,43.5,29.5
15:07:56,2970.7,347.74,6.658909,-75.55045600000001,128.0,0.1,-0.25,1.05,-1.76,16.7,49.51,8.32,4.7,1.63,27.8,72081.0,2781.24,2119.172,0.0007,0.0236,0.0093999999999999,0.1938,0.2254,0.6422,0.0028,0.0072,26.59,43.9,29.5
15:08:20,2973.9,347.57,6.672605,-75.55345600000001,123.48,-0.1,-0.03,0.93,-2.34,16.7,49.51,-11.53,-4.41,0.49,27.7,72141.0,2774.66,2142.911,0.0007,0.0236,0.0093999999999999,0.1938,0.2254,0.6422,0.0028,0.0072,26.59,43.76,29.37
15:08:43,2954.1,349.43,6.68558,-75.556075,124.24,-0.26,-0.17,1.18,-1.46,17.58,49.22,-4.47,-2.97,-0.12,27.8,72304.0,2756.81,2166.238,0.0007,0.0236,0.0093999999999999,0.1917,0.2232999999999999,0.6422,0.0028,0.0072,26.58,43.86,29.37
15:09:07,2948.7,350.17,6.699397,-75.558494,128.26,0.0,0.16,0.99,-2.05,17.29,48.93,-8.36,5.53,0.38,27.5,72346.0,2752.22,2190.125,0.0007,0.0236,0.0096,0.1895,0.2212,0.6422,0.0028,0.0068,26.58,43.83,29.12
15:09:31,2960.5,346.67,6.713528,-75.561225,130.21,0.02,-0.06,0.99,-2.05,16.99,49.51,1.03,-5.68,1.64,27.5,72283.0,2759.11,2213.886,0.0007,0.0233999999999999,0.0096,0.1873999999999999,0.2191,0.6134000000000001,0.0028,0.0070999999999999,26.54,43.56,29.12
15:09:54,2964.4,344.86,6.726980999999999,-75.564644,129.19,0.08,0.2,0.8,-1.76,16.41,49.22,-3.39,2.84,1.21,27.5,72186.0,2769.73,2237.198,0.0007,0.0233999999999999,0.0096,0.1833,0.215,0.6134000000000001,0.0028,0.0070999999999999,26.53,42.45,29.12
15:10:18,2983.1,344.32,6.740732,-75.568413,126.79,0.11,0.33,0.81,-1.46,16.99,48.93,-5.59,-5.79,0.68,27.5,72062.0,2783.32,2261.103,0.0007,0.0236,0.0097,0.1853,0.217,0.6422,0.0028,0.0072,26.5,42.68,29.12
15:10:42,2981.8,344.22,6.75467,-75.572288,131.07,-0.02,0.29,1.11,-1.76,16.99,49.8,-3.81,4.64,-0.98,27.5,72043.0,2785.41,2284.852,0.0007,0.0236,0.0097,0.1833,0.215,0.6422,0.0028,0.0072,26.44,43.15,29.12
15:11:05,3020.0,345.08,6.767886999999999,-75.575906,124.77,0.27,0.47,0.82,-1.46,16.99,49.22,-5.39,4.26,0.53,27.5,71764.0,2816.06,2308.163,0.0007,0.0237999999999999,0.0097,0.1833,0.215,0.6570999999999999,0.0029,0.0073,26.44,43.31,29.12
15:11:29,3044.6,345.26,6.781405,-75.5795,126.21,-0.03,-0.21,0.8,-1.46,16.7,49.51,-0.6,5.32,-0.97,27.6,71588.0,2835.45,2332.08,0.0007,0.0236,0.0097,0.1812,0.2128999999999999,0.6422,0.0028,0.0072,26.41,43.55,29.12
15:11:53,3062.2,345.69,6.794913,-75.582988,125.32,0.11,-0.17,1.26,-1.46,16.11,48.93,-5.35,1.24,0.25,27.2,71435.0,2852.34,2355.819,0.0007,0.0237999999999999,0.0097,0.1812,0.2128999999999999,0.6570999999999999,0.0029,0.0073,26.47,43.62,28.87
15:12:16,3109.4,345.34,6.807731,-75.586288,124.4,0.16,-0.09,0.95,-1.76,16.41,48.63,4.01,7.42,1.23,27.4,71051.0,2894.86,2379.141,0.0006,0.0197,0.0103,0.1344,0.1651999999999999,0.3293999999999999,0.0022,0.0056999999999999,26.37,43.37,29.0
15:12:40,3140.0,345.12,6.821287,-75.589869,124.52,0.28,0.29,0.63,-1.46,16.99,48.63,1.43,2.51,1.66,27.1,70800.0,2922.75,2403.034,0.0006,0.0199,0.0103,0.1344,0.1651999999999999,0.3377,0.0022,0.0056999999999999,26.3,43.17,28.75
15:13:04,3165.4,344.31,6.834791,-75.593506,127.29,0.42,0.7,1.47,-1.46,16.41,50.1,-2.51,3.95,-5.0,27.2,70670.0,2937.23,2426.779,0.0006,0.0197,0.0103,0.1328,0.1636,0.3293999999999999,0.0022,0.0056999999999999,26.32,43.36,28.62
15:13:27,3197.8,342.31,6.847697999999999,-75.5973,124.25,-0.03,0.15,0.87,-1.46,16.41,49.22,-2.06,2.39,0.99,27.0,70332.0,2974.97,2450.1,0.0005,0.0196,0.0103,0.1282,0.1586999999999999,0.3213,0.0021,0.0056,26.28,43.46,28.5
15:13:51,3237.3,343.07,6.860882000000001,-75.601488,125.52,0.4,0.21,0.8,-1.17,16.11,49.22,2.5,5.06,0.21,26.9,70032.0,3008.59,2473.993,0.0006,0.02,0.0103,0.1328,0.1636,0.3461999999999999,0.0022,0.0058,26.23,43.25,28.37
15:14:15,3250.9,344.25,6.874409,-75.605325,126.63,-0.15,-0.16,0.93,-1.46,16.11,49.22,-0.34,-4.26,0.37,26.7,69910.0,3022.3,2497.746,0.0007,0.0236,0.01,0.1732,0.2048999999999999,0.6422,0.0028,0.0072,26.22,42.85,28.25
15:14:38,3272.6,342.53,6.887285,-75.60925,125.43,-0.02,0.0,0.91,-2.05,16.11,49.22,-1.57,7.16,2.86,26.7,69644.0,3052.24,2521.075,0.0006,0.0199,0.0104,0.1297,0.1603,0.3377,0.0022,0.0056999999999999,26.18,42.64,28.25
15:15:02,3245.2,346.03,6.901248,-75.613375,136.0,-0.03,0.05,1.08,-2.05,16.7,49.22,-8.35,-1.08,-2.22,26.4,69895.0,3023.98,2544.993,0.0005,0.0197,0.0104,0.1267,0.1571,0.3293999999999999,0.0022,0.0056999999999999,26.08,41.7,27.87
15:15:26,3173.0,342.93,6.9162300000000005,-75.617338,140.88,0.15,-0.2,1.1,-1.46,16.11,49.22,-7.63,-4.81,-0.21,26.3,70433.0,2963.67,2568.712,0.0005,0.0197,0.0106,0.1267,0.1571,0.3293999999999999,0.0022,0.0056999999999999,26.04,42.43,27.87
15:15:49,3144.0,342.07,6.930194,-75.621875,133.76,-0.03,-0.48,0.81,-1.46,15.53,49.8,-5.21,-1.72,1.08,26.2,70772.0,2925.87,2592.037,0.0006,0.0232,0.0103,0.1425,0.1736,0.5993999999999999,0.0028,0.0069999999999999,25.96,41.55,27.75
15:16:13,3118.6,342.2,6.943734,-75.62625,119.48,-0.35,-0.14,0.79,-1.46,15.82,49.8,-9.63,0.18,2.11,26.0,71178.0,2880.78,2615.957,0.0005,0.0197,0.0107,0.1223,0.1524,0.3293999999999999,0.0022,0.0056999999999999,25.89,41.84,27.62
15:16:37,3020.7,339.08,6.955873,-75.63029399999999,109.27,0.32,0.21,0.86,-0.59,15.23,50.39,3.01,2.14,1.01,26.1,71874.0,2803.97,2639.685,0.0005,0.0199,0.0107,0.1223,0.1524,0.3377,0.0022,0.0056999999999999,25.8,42.61,27.75
15:17:00,2879.7,335.19,6.966189999999999,-75.634588,104.43,0.09,0.22,0.62,-0.88,16.11,48.93,-2.14,-0.9,-0.14,26.0,73009.0,2679.99,2663.006,0.0005,0.0195,0.0109,0.1165,0.1464,0.3134,0.0021,0.0056,25.76,43.67,27.62
15:17:24,2715.0,333.17,6.976805000000001,-75.63986899999999,106.38,-0.24,-0.2,1.12,-0.88,14.94,49.51,-0.58,-1.08,1.72,26.0,74382.0,2532.08,2686.926,0.0005,0.0196,0.0109,0.1178999999999999,0.1479,0.3213,0.0021,0.0056,25.72,45.09,27.62
15:17:48,2559.7,341.03,6.987955,-75.64443100000001,110.06,0.11,0.08,1.08,-0.88,14.65,49.8,-8.79,-1.59,1.27,26.0,75808.0,2380.79,2710.645,0.0005,0.0199,0.011,0.1193999999999999,0.1494,0.3377,0.0022,0.0056999999999999,25.68,46.58,27.5
15:18:11,2396.4,334.58,6.998872,-75.64891899999999,112.25,0.05,0.2,0.97,0.0,12.89,49.51,-3.27,1.15,1.13,25.8,77251.0,2230.01,2733.978,0.0005,0.0199,0.011,0.1178999999999999,0.1479,0.3377,0.0022,0.0056999999999999,25.68,48.73,27.5
15:18:35,2194.4,332.33,7.010557,-75.654881,121.99,0.14,0.18,1.34,-0.29,13.18,49.51,-7.94,-3.56,0.14,25.8,79033.0,2046.94,2757.876,0.0005,0.0197,0.011,0.1165,0.1464,0.3293999999999999,0.0022,0.0056999999999999,25.64,50.79,27.5
15:18:59,1972.7,334.57,7.023166000000001,-75.661344,128.22,-0.12,-0.06,0.9,-0.29,13.18,49.22,-4.8,2.65,0.53,26.0,81111.0,1837.63,2781.614,0.0005,0.0197,0.011,0.1151,0.1449,0.3293999999999999,0.0022,0.0056999999999999,25.58,52.63,27.62
15:19:22,1768.9,334.89,7.03561,-75.667038,128.98,-0.08,0.26,0.74,-0.29,13.77,48.93,6.38,9.73,0.17,26.1,83123.0,1639.06,2804.957,0.0005,0.0197,0.0112,0.1151,0.1449,0.3293999999999999,0.0022,0.0056999999999999,25.54,54.78,27.75
15:19:46,1572.2,333.25,7.048409,-75.673419,126.36,-0.28,0.06,1.15,-0.29,13.18,49.22,-4.33,5.26,0.21,26.1,84941.0,1462.96,2828.838,0.0005,0.0197,0.0112,0.1151,0.1449,0.3293999999999999,0.0022,0.0056999999999999,25.54,56.96,27.87
15:20:10,1392.0,347.52,7.061356,-75.678381,118.82,0.02,0.35,1.08,-1.46,14.94,49.8,-9.74,-0.75,-2.01,26.0,86708.0,1294.7,2852.58,0.0005,0.0197,0.0112,0.1137,0.1434,0.3293999999999999,0.0022,0.0056999999999999,25.53,59.36,27.75
15:20:33,1302.7,3.92,7.073338000000001,-75.67895,109.11,0.02,0.34,0.59,3.81,21.39,52.15,-2.72,-5.07,0.48,25.9,87638.0,1207.26,2875.9,0.0005,0.0195,0.0112,0.111,0.1405,0.3134,0.0021,0.0056,25.58,60.25,27.62
15:20:57,1236.5,7.56,7.085266000000001,-75.677481,102.81,-0.21,-0.09,1.07,-0.29,18.75,50.68,-3.68,-7.22,-0.56,25.9,88262.0,1149.01,2899.814,0.0005,0.0196,0.0112,0.111,0.1405,0.3213,0.0021,0.0056,25.61,61.01,27.62
15:21:21,1179.0,12.22,7.096309,-75.67523100000001,102.37,0.4,-0.06,1.23,-0.59,19.92,49.8,-8.7,3.77,0.69,26.0,88749.0,1103.78,2923.542,0.0005,0.0199,0.0112,0.1137,0.1434,0.3377,0.0022,0.0056999999999999,25.65,62.29,27.75
15:21:44,1134.1,10.52,7.107009,-75.673056,102.93,0.16,0.35,0.55,0.0,19.63,50.39,2.94,0.89,1.07,26.1,89169.0,1064.93,2946.868,0.0005,0.0199,0.011,0.1137,0.1434,0.3377,0.0022,0.0056999999999999,25.68,63.28,27.87
15:22:08,1080.3,8.48,7.118562,-75.671275,105.19,-0.07,-0.25,1.04,-0.59,19.34,50.68,-1.04,-1.22,0.6,26.2,89703.0,1015.75,2970.776,0.0005,0.0199,0.011,0.1137,0.1434,0.3377,0.0022,0.0056999999999999,25.73,64.75,27.75
15:22:32,1034.0,9.01,7.130012,-75.669563,102.85,0.22,-0.11,1.37,0.0,19.92,50.1,1.89,3.01,0.75,26.2,90189.0,971.2,2994.501,0.0005,0.0197,0.011,0.111,0.1405,0.3293999999999999,0.0022,0.0056999999999999,25.8,65.94,28.0
15:22:55,1000.4,11.14,7.140755,-75.66775,98.52,0.22,0.04,0.74,0.29,19.34,51.27,-9.27,1.98,0.34,26.3,90569.0,936.5,3017.827,0.0005,0.0199,0.011,0.1137,0.1434,0.3377,0.0022,0.0056999999999999,25.86,66.74,28.0
15:23:19,996.2,60.25,7.149477,-75.66295,84.76,-0.1,0.15,1.41,4.98,26.07,53.91,-6.67,-5.31,-3.15,26.4,90618.0,932.03,3041.733,0.0005,0.02,0.0109,0.1151,0.1449,0.3461999999999999,0.0022,0.0058,25.96,66.96,28.12
15:23:43,996.4,140.57,7.147244000000001,-75.654463,79.99,-0.06,-0.12,0.95,19.34,26.07,52.73,-0.36,13.0,-1.71,26.5,90438.0,948.45,3065.448,0.0005,0.02,0.0109,0.1137,0.1434,0.3461999999999999,0.0022,0.0058,26.01,67.08,28.25
15:24:06,1019.6,195.12,7.139411999999999,-75.653188,72.33,0.08,-0.23,1.16,21.68,18.46,50.68,1.85,8.48,0.76,26.7,90128.0,976.78,3088.803,0.0005,0.0196,0.0109,0.1124,0.1419,0.3213,0.0021,0.0056,26.09,66.57,28.37
15:24:30,1039.7,195.54,7.131836999999999,-75.656019,73.57,0.17,0.04,1.25,21.39,18.75,52.15,-1.39,3.48,1.75,26.8,90049.0,984.01,3112.704,0.0005,0.0197,0.0109,0.1124,0.1419,0.3293999999999999,0.0022,0.0056999999999999,26.18,66.09,28.62
15:24:54,1048.5,195.98,7.123677000000001,-75.658006,76.38,0.43,0.19,0.85,21.39,18.16,51.86,-18.52,2.35,0.8,27.0,90029.0,985.84,3136.447,0.0005,0.02,0.0109,0.1137,0.1434,0.3461999999999999,0.0022,0.0058,26.34,66.11,28.87
15:25:17,1016.7,195.09,7.116463,-75.660213,63.37,-0.14,0.36,1.07,21.68,18.16,52.15,-5.15,0.49,-0.05,27.3,90463.0,946.17,3159.766,0.0005,0.02,0.0109,0.1137,0.1434,0.3461999999999999,0.0022,0.0058,26.51,65.94,29.12
15:25:41,958.6,221.22,7.110556,-75.662688,58.93,0.3,0.06,1.06,20.51,12.6,50.39,-11.53,2.66,-2.56,27.6,91507.0,851.34,3183.647,0.0005,0.02,0.0109,0.1137,0.1434,0.3461999999999999,0.0022,0.0058,26.68,65.67,29.37
15:26:05,892.3,291.54,7.110243,-75.669944,58.69,0.23,0.23,0.77,7.91,8.79,49.51,-0.2,7.96,-1.98,27.8,92134.0,794.82,3207.379,0.0005,0.02,0.0109,0.1124,0.1419,0.3461999999999999,0.0022,0.0058,26.79,65.9,29.5
15:26:28,835.1,354.62,7.114539999999999,-75.672125,40.48,-0.39,0.27,0.82,0.0,18.16,50.68,-10.15,-6.12,9.88,27.9,92773.0,737.53,3230.717,0.0005,0.02,0.0109,0.1124,0.1419,0.3461999999999999,0.0022,0.0058,26.94,66.28,29.5
15:26:52,773.1,359.8,7.118212,-75.672069,28.36,0.0,-0.17,1.55,1.17,16.99,50.68,-12.79,-2.94,2.98,28.0,93481.0,674.43,3254.62,0.0005,0.0200999999999999,0.0109,0.1137,0.1434,0.3547999999999999,0.0022,0.0058,27.08,66.3,29.75
15:27:16,716.4,354.02,7.120355,-75.672075,11.95,0.11,0.1,1.13,2.05,16.41,50.68,-6.84,1.95,2.17,28.2,93844.0,642.23,3278.337,0.0005,0.0204,0.0109,0.1151,0.1449,0.3727,0.0023,0.0059,27.18,67.4,29.87
15:27:39,675.9,14.52,7.12078,-75.67201899999999,0.0,-0.04,0.07,0.94,0.29,20.21,49.51,-2.39,1.88,1.3,28.2,94389.0,594.06,3301.66,0.0005,0.0204,0.0109,0.1151,0.1449,0.3727,0.0023,0.0059,27.3,67.66,29.87
15:28:03,669.6,14.52,7.1207720000000005,-75.67205600000001,0.0,-0.07,-0.13,0.97,0.29,19.63,49.8,-1.11,0.85,0.89,28.4,94230.0,608.09,3325.518,0.0005,0.02,0.0109,0.1124,0.1419,0.3461999999999999,0.0022,0.0058,27.4,67.62,30.0
15:28:27,669.6,14.52,7.1207720000000005,-75.67205600000001,0.0,0.17,0.21,1.02,0.59,19.63,49.8,-7.01,8.16,1.67,28.5,94222.0,608.8,3349.293,0.0005,0.0206,0.011,0.1151,0.1449,0.3818999999999999,0.0023,0.006,27.5,67.26,30.25
15:28:50,669.6,14.52,7.1207720000000005,-75.67205600000001,0.0,0.22,0.21,0.95,0.0,19.92,49.8,-3.83,7.65,1.56,28.7,94220.0,608.98,3372.626,0.0006,0.0239,0.0107,0.1493,0.1805999999999999,0.6723,0.0029,0.0073,27.68,67.25,30.5
15:29:14,669.6,14.52,7.1207720000000005,-75.67205600000001,0.0,0.11,0.15,0.89,0.0,19.92,49.51,-2.13,0.82,0.85,28.8,94204.0,610.39,3396.48,0.0005,0.0204,0.0112,0.1137,0.1434,0.3727,0.0023,0.0059,27.72,67.24,30.5
15:29:38,669.6,14.52,7.1207720000000005,-75.67205600000001,0.0,0.06,0.2,0.79,0.0,19.04,50.1,-5.34,1.21,-0.09,28.9,94365.0,596.18,3420.254,0.0005,0.0204,0.0112,0.1137,0.1434,0.3727,0.0023,0.0059,27.83,67.17,30.62
15:30:01,668.1,117.08,7.120145,-75.6706,56.06,-0.01,-0.01,0.88,10.84,30.76,52.73,-1.91,2.48,2.01,28.9,93763.0,649.4,3443.605,0.0005,0.0204,0.0112,0.1137,0.1434,0.3727,0.0023,0.0059,27.97,67.77,30.62
15:30:25,697.0,157.1,7.114053,-75.663375,86.01,-0.21,0.08,1.1,19.92,26.95,53.03,-4.59,7.64,-4.98,28.9,92591.0,753.81,3467.512,0.0005,0.0206,0.0112,0.1151,0.1449,0.3818999999999999,0.0023,0.006,28.01,66.22,30.75
15:30:49,743.6,209.18,7.10582,-75.664863,74.45,0.27,0.0,0.99,21.39,19.04,52.44,-1.46,2.23,-0.43,29.1,91456.0,855.96,3491.232,0.0005,0.0206,0.011,0.1151,0.1449,0.3818999999999999,0.0023,0.006,28.08,64.57,30.75
15:31:12,739.6,221.66,7.098953,-75.67053100000001,88.41,-0.14,0.26,0.95,21.39,17.29,51.56,-3.92,2.11,0.15,29.2,91068.0,891.11,3514.568,0.0005,0.0207,0.011,0.1151,0.1449,0.3913,0.0023,0.006,28.22,63.18,31.0
15:31:36,772.9,240.14,7.092741,-75.67916899999999,90.38,-0.13,0.19,1.08,20.21,14.65,51.27,-4.29,4.74,-0.24,29.4,91057.0,892.11,3538.48,0.0005,0.0203,0.011,0.111,0.1405,0.3636,0.0022,0.0059,28.33,62.41,31.0
15:32:00,805.0,247.69,7.089353999999999,-75.687394,63.18,0.12,-0.06,0.98,18.75,13.77,52.44,0.92,3.36,0.06,29.5,91211.0,878.14,3562.204,0.0005,0.0207,0.011,0.1137,0.1434,0.3913,0.0023,0.006,28.5,62.86,31.25
15:32:23,837.2,170.82,7.084913,-75.690744,60.46,-0.11,0.1,1.12,19.04,27.83,52.44,2.2,-3.17,5.87,29.7,91613.0,841.77,3585.534,0.0005,0.0207,0.011,0.1151,0.1449,0.3913,0.0023,0.006,28.65,62.92,31.37
15:32:47,839.5,117.12,7.081163,-75.686706,34.15,-0.26,0.17,1.14,12.3,31.64,51.27,-8.21,3.16,3.39,29.9,92048.0,802.55,3609.442,0.0005,0.0208,0.011,0.1151,0.1449,0.4009,0.0023,0.0060999999999999,28.82,63.22,31.62
15:33:11,807.0,118.28,7.080188000000001,-75.684031,20.66,0.07,0.04,0.88,8.5,32.52,50.98,-7.46,2.9,0.47,30.1,92643.0,749.16,3633.158,0.0005,0.0208,0.011,0.1151,0.1449,0.4009,0.0023,0.0060999999999999,28.98,63.67,31.87
15:33:34,769.3,111.99,7.079565,-75.68215,10.95,0.0,-0.07,0.84,7.32,32.23,50.1,-3.52,2.29,1.12,30.2,92991.0,718.06,3656.507,0.0005,0.0208,0.0109,0.1165,0.1464,0.4009,0.0023,0.0060999999999999,29.11,63.33,31.87
15:33:58,735.1,97.98,7.0793550000000005,-75.68155,3.85,-0.01,0.28,1.03,5.86,31.05,50.39,-7.91,1.19,-0.75,30.2,93350.0,686.08,3680.38,0.0005,0.021,0.0109,0.1165,0.1464,0.4108,0.0024,0.0060999999999999,29.25,63.68,32.0
15:34:22,722.3,98.14,7.079313000000001,-75.68141899999999,0.0,0.11,-0.05,1.08,4.69,29.0,50.39,-1.73,3.69,0.11,30.4,93566.0,666.88,3704.124,0.0005,0.0208,0.0109,0.1165,0.1464,0.4009,0.0023,0.0060999999999999,29.32,64.71,32.25
15:34:45,722.3,98.14,7.079313000000001,-75.68141899999999,0.0,0.18,0.13,0.92,5.27,29.3,50.39,-3.3,0.04,1.38,30.7,93368.0,684.47,3727.456,0.0005,0.021,0.0109,0.1165,0.1464,0.4108,0.0024,0.0060999999999999,29.54,64.51,32.37
15:35:09,722.3,98.14,7.079313000000001,-75.68141899999999,0.0,0.14,-0.14,0.96,4.69,29.59,49.51,0.4,5.57,1.18,30.9,93359.0,685.27,3751.325,0.0005,0.0207,0.0112,0.1151,0.1449,0.3913,0.0023,0.006,29.69,64.33,32.75
15:35:27,735.5,313.86,7.079292,-75.681325,0.04,-0.05,0.09,0.87,5.27,29.0,49.22,-5.25,0.24,0.23,31.1,93356.0,685.54,8.501,0.0005,0.0214,0.0113,0.1208,0.1509,0.4415,0.0024,0.0063,29.8,64.02,32.87
15:35:50,744.3,273.38,7.079358,-75.681519,0.31,0.01,0.08,0.95,4.98,29.59,48.93,-5.42,-0.54,0.43,31.4,93323.0,688.48,31.84,0.0005,0.0215,0.0116999999999999,0.1208,0.1509,0.4522,0.0025,0.0064,30.05,63.57,33.12
15:36:14,742.9,32.84,7.079343,-75.681444,0.0,0.05,0.09,1.01,4.69,29.59,48.93,-2.06,1.51,1.24,31.7,93311.0,689.54,55.72,0.0005,0.0210999999999999,0.0125,0.1137,0.1434,0.4208,0.0024,0.0062,30.33,62.94,33.37
15:36:38,742.9,32.84,7.079343,-75.681444,0.0,0.09,0.04,1.02,4.39,29.88,49.22,-2.88,2.21,0.57,32.0,93315.0,689.19,79.47,0.0005,0.0212,0.0128,0.1165,0.1464,0.431,0.0024,0.0062,30.57,62.16,33.75
15:37:01,742.9,32.84,7.079343,-75.681444,0.0,0.04,0.06,1.03,4.98,30.18,48.63,-4.07,-2.15,0.92,32.3,93315.0,689.19,102.808,0.0005,0.0210999999999999,0.0131,0.1151,0.1449,0.4208,0.0024,0.0062,30.83,61.5,34.0
15:37:25,742.9,32.84,7.079343,-75.681444,0.0,0.01,0.08,1.03,4.39,29.88,49.51,-3.59,0.25,0.31,32.6,93301.0,690.44,126.668,0.0005,0.0210999999999999,0.0134,0.1137,0.1434,0.4208,0.0024,0.0062,31.07,61.07,34.25
15:37:49,742.9,32.84,7.079343,-75.681444,0.0,0.04,0.11,0.97,4.39,29.59,49.22,-3.57,1.03,0.83,32.9,93306.0,689.99,150.433,0.0005,0.0214,0.0131,0.1165,0.1464,0.4415,0.0024,0.0063,31.29,60.89,34.62
15:38:12,742.9,32.84,7.079343,-75.681444,0.0,0.03,0.08,1.01,4.1,29.88,49.22,-3.36,0.34,0.75,33.0,93283.0,692.04,173.76,0.0005,0.0212,0.0126,0.1178999999999999,0.1479,0.431,0.0024,0.0062,31.55,60.06,34.87
15:38:36,742.9,32.84,7.079343,-75.681444,0.0,0.05,0.07,1.04,4.39,30.18,49.22,-3.58,1.08,0.82,33.4,93321.0,688.65,197.642,0.0005,0.0215,0.0121999999999999,0.1208,0.1509,0.4522,0.0025,0.0064,31.73,59.41,35.0
15:39:00,742.9,32.84,7.079343,-75.681444,0.0,0.06,0.1,0.98,3.81,30.18,48.63,-3.31,0.27,0.72,33.5,93298.0,690.7,221.401,0.0006,0.0236,0.0113999999999999,0.1442,0.1754,0.6422,0.0028,0.0072,32.03,59.35,35.25
17:04:05,150.5,0.0,7.080311999999999,-75.680375,0.14,0.06,0.11,0.97,-2.05,28.13,43.95,-3.62,0.15,0.8,37.6,93203.0,699.16,107.001,0.0031,0.0283,0.0048,1.7829,1.4836,1.2454,0.0037,0.0091,36.39,48.27,39.0
17:04:29,150.5,0.0,7.080313,-75.68035,0.0,0.07,0.09,0.96,-2.05,28.13,44.82,-3.46,0.5,1.49,37.9,93215.0,698.09,130.854,0.0027,0.0266999999999999,0.005,1.3788999999999998,1.1928,1.004,0.0034,0.0084,36.64,47.48,39.5
17:04:53,150.5,0.0,7.080313,-75.68035,0.0,0.07,0.09,0.96,-2.93,28.71,44.53,-3.19,0.25,0.88,38.1,93205.0,698.98,154.63,0.0023,0.0259,0.0053,1.1324,1.0091,0.8996999999999999,0.0033,0.0081,36.83,46.35,39.62
17:05:16,150.5,0.0,7.080313,-75.68035,0.0,0.02,0.08,0.98,-2.34,28.13,44.53,-3.3,0.77,0.69,38.4,93204.0,699.07,177.969,0.0021,0.0254,0.0054,0.9578,0.8754000000000001,0.8419,0.0032,0.0079,37.11,45.71,39.87
17:05:40,150.5,0.0,7.080313,-75.68035,0.0,0.07,0.07,0.92,-2.34,27.83,44.53,-2.49,0.76,0.63,38.6,93217.0,697.91,201.826,0.0019,0.0253,0.0056,0.8423999999999999,0.785,0.7529,0.003,0.0076,37.4,44.23,40.12
17:06:04,150.5,0.0,7.080313,-75.68035,0.0,-0.01,0.08,0.99,3.52,28.13,50.68,-1.46,0.51,0.94,38.8,93220.0,697.65,225.589,0.0017,0.025,0.0058,0.7333,0.6978,0.7874,0.0031,0.0077,37.64,43.64,40.37
17:06:27,150.5,0.0,7.080313,-75.68035,0.0,-0.04,0.07,0.92,3.22,28.42,51.56,-0.85,-0.67,0.7,39.1,93231.0,696.67,248.919,0.0016,0.0248,0.006,0.6639,0.6413,0.77,0.0031,0.0077,37.9,43.18,40.62
17:06:51,777.4,112.3,7.079241000000001,-75.681525,0.0,0.02,0.0,0.97,3.22,28.42,50.68,-5.82,-2.21,0.42,39.4,93247.0,695.24,272.843,0.0015,0.0245,0.0060999999999999,0.6008,0.5891,0.7361,0.003,0.0076,38.18,42.03,41.0
17:07:15,777.2,112.3,7.079244999999999,-75.681531,0.0,-0.01,0.22,1.0,3.22,27.83,50.98,-3.27,4.11,0.47,39.6,93231.0,696.67,296.612,0.0015,0.0245,0.0062,0.5544,0.5503,0.7361,0.003,0.0076,38.46,41.85,41.25
17:07:38,777.2,112.3,7.079244999999999,-75.681531,0.0,0.08,-0.05,1.02,3.22,28.42,50.1,-4.75,-2.91,0.62,39.9,93234.0,696.4,319.947,0.0014,0.0243999999999999,0.0064,0.5115,0.5139,0.7195999999999999,0.003,0.0075,38.72,41.49,41.5
17:08:02,777.2,112.3,7.079244999999999,-75.681531,0.0,0.05,0.02,1.0,3.81,28.42,51.56,-5.44,-1.38,0.5,40.1,93231.0,696.67,343.815,0.0013,0.0243999999999999,0.0065,0.4861999999999999,0.4921999999999999,0.7195999999999999,0.003,0.0075,38.87,41.13,41.62
17:08:26,777.2,112.3,7.079244999999999,-75.681531,0.0,0.01,0.13,0.93,3.52,28.42,50.39,-4.84,-2.79,0.88,40.3,93221.0,697.56,367.57,0.0013,0.0247,0.0067,0.4621,0.4715,0.7529,0.003,0.0076,39.07,41.5,41.87
17:08:49,777.2,112.3,7.079244999999999,-75.681531,0.0,0.04,0.08,1.01,2.93,29.0,50.1,-2.05,2.46,0.27,40.5,93225.0,697.2,390.916,0.0013,0.0260999999999999,0.0065,0.4813,0.488,0.9198,0.0033,0.0081999999999999,39.28,40.82,42.12
17:09:13,777.2,112.3,7.079244999999999,-75.681531,0.0,0.16,-0.05,1.08,3.81,28.42,50.98,-6.55,3.8,0.82,40.7,93220.0,697.65,414.785,0.0013,0.0260999999999999,0.0067,0.4621,0.4715,0.9198,0.0033,0.0081999999999999,39.44,40.73,42.25
17:09:37,777.2,112.3,7.079244999999999,-75.681531,0.0,0.06,0.1,0.9,2.93,29.0,49.8,-0.66,0.53,0.47,40.8,93228.0,696.93,438.53,0.0012,0.0259,0.0068,0.4392,0.4515,0.8996999999999999,0.0033,0.0081,39.62,40.57,42.37
17:10:00,777.2,112.3,7.079244999999999,-75.681531,0.0,0.03,0.07,1.01,2.93,28.42,49.8,-5.18,0.66,0.25,40.9,93232.0,696.58,461.859,0.0012,0.0259,0.0068,0.4216,0.4361,0.8996999999999999,0.0033,0.0081,39.72,39.88,42.5
17:10:24,777.2,112.3,7.079244999999999,-75.681531,0.0,0.12,0.11,0.95,3.52,28.13,50.98,-6.58,-1.08,1.09,41.1,93239.0,695.96,485.76,0.0012,0.0258,0.0069,0.4046,0.4211,0.8801000000000001,0.0032,0.008,39.86,39.82,42.62
17:10:48,777.2,112.3,7.079244999999999,-75.681531,0.0,0.02,-0.04,0.99,3.22,28.71,50.68,-5.01,-4.05,-0.18,41.2,93235.0,696.31,509.495,0.0011,0.0259,0.0070999999999999,0.3883,0.4067,0.8996999999999999,0.0033,0.0081,39.91,39.55,42.75
17:11:11,777.2,112.3,7.079244999999999,-75.681531,0.0,0.04,-0.03,0.99,3.22,28.42,50.1,-7.53,-3.26,0.89,41.2,93234.0,696.4,532.815,0.0011,0.0260999999999999,0.0070999999999999,0.3843,0.4031,0.9198,0.0033,0.0081999999999999,40.09,39.28,42.87
17:11:35,777.2,112.3,7.079244999999999,-75.681531,0.0,0.19,0.01,1.01,2.93,28.13,50.98,-4.12,-2.3,0.97,41.3,93230.0,696.76,556.701,0.0011,0.0262,0.0070999999999999,0.3764,0.3961,0.9402,0.0033,0.0081999999999999,40.21,38.65,42.87
17:11:59,777.2,112.3,7.079244999999999,-75.681531,0.0,0.11,-0.01,0.98,3.22,27.83,50.1,-4.1,0.17,0.76,41.3,93239.0,695.96,580.452,0.0011,0.0262,0.0072,0.3649,0.3858,0.9402,0.0033,0.0081999999999999,40.32,38.02,42.87
17:12:22,777.2,112.3,7.079244999999999,-75.681531,0.0,0.02,0.02,1.0,3.22,28.13,50.68,0.72,5.95,0.95,41.5,93234.0,696.4,603.784,0.0011,0.0260999999999999,0.0072,0.3536999999999999,0.3757,0.9198,0.0033,0.0081999999999999,40.37,38.1,43.0
17:12:46,777.2,112.3,7.079244999999999,-75.681531,0.0,0.04,-0.08,0.94,2.93,28.13,50.68,-2.88,2.09,0.36,41.6,93232.0,696.58,627.647,0.0011,0.0260999999999999,0.0073,0.3428,0.3659,0.9198,0.0033,0.0081999999999999,40.48,38.29,43.12
17:13:10,777.2,112.3,7.079244999999999,-75.681531,0.0,-0.05,0.3,0.94,3.22,28.71,50.39,-0.69,-1.2,0.37,41.6,93232.0,696.58,651.402,0.001,0.0260999999999999,0.0073,0.3357,0.3594,0.9198,0.0033,0.0081999999999999,40.61,38.54,43.12
17:13:33,777.2,112.3,7.079244999999999,-75.681531,0.0,-0.07,0.3,1.01,3.22,28.13,50.98,-0.7,4.78,0.53,41.5,93217.0,697.91,674.733,0.001,0.0264,0.0073,0.3393,0.3626,0.961,0.0034,0.0083,40.68,39.01,43.12
17:13:57,777.2,112.3,7.079244999999999,-75.681531,0.0,0.13,0.06,0.97,2.93,27.54,51.27,3.02,3.4,0.3,41.7,93225.0,697.2,698.596,0.001,0.0262,0.0073,0.3322,0.3561999999999999,0.9402,0.0033,0.0081999999999999,40.72,38.98,43.25
17:14:21,777.2,112.3,7.079244999999999,-75.681531,0.0,-0.0,0.17,0.99,2.93,28.13,50.98,-6.36,-3.02,0.92,41.7,93218.0,697.82,722.36,0.001,0.0259,0.0075,0.3152,0.3407,0.8996999999999999,0.0033,0.0081,40.86,38.43,43.37
17:14:44,777.2,112.3,7.079244999999999,-75.681531,0.0,0.12,-0.07,0.99,3.22,28.42,50.39,-4.3,-2.56,0.16,41.7,93224.0,697.29,745.691,0.001,0.0259,0.0075,0.3119,0.3377,0.8996999999999999,0.0033,0.0081,40.89,38.32,43.37
17:15:08,777.2,112.3,7.079244999999999,-75.681531,0.0,0.09,-0.11,0.89,2.34,28.42,50.1,-0.38,5.55,1.35,41.8,93229.0,696.84,769.586,0.001,0.0262,0.0075,0.3119,0.3377,0.9402,0.0033,0.0081999999999999,40.93,37.58,43.5
17:15:32,777.2,112.3,7.079244999999999,-75.681531,0.0,-0.06,0.04,0.97,2.93,28.13,50.98,-9.55,-2.91,0.55,41.9,93231.0,696.67,793.333,0.001,0.0262,0.0076,0.3054,0.3317,0.9402,0.0033,0.0081999999999999,40.99,37.65,43.5
17:15:55,777.2,112.3,7.079244999999999,-75.681531,0.0,-0.02,0.1,0.96,3.81,28.71,50.68,-3.63,-0.76,0.37,41.9,93224.0,697.29,816.653,0.001,0.0262,0.0076,0.3021999999999999,0.3287,0.9402,0.0033,0.0081999999999999,41.0,37.59,43.5
17:16:19,777.2,112.3,7.079244999999999,-75.681531,0.0,-0.0,0.07,1.01,3.22,29.0,50.68,-7.64,-8.51,0.78,41.9,93218.0,697.82,840.545,0.001,0.0262,0.0077,0.2959,0.3228999999999999,0.9402,0.0033,0.0081999999999999,41.06,37.16,43.5
17:16:43,777.2,112.3,7.079244999999999,-75.681531,0.0,0.13,0.01,0.93,3.52,27.83,50.68,-2.08,-2.1,0.27,42.0,93226.0,697.11,864.292,0.0009,0.0264,0.0077,0.2928,0.32,0.961,0.0034,0.0083,41.11,36.84,43.5
17:17:06,777.2,112.3,7.079244999999999,-75.681531,0.0,-0.06,0.08,0.98,3.52,28.71,50.39,-0.3,4.91,0.37,41.9,93234.0,696.4,887.609,0.0009,0.0264,0.0077,0.2897,0.3171,0.961,0.0034,0.0083,41.15,36.63,43.5
17:17:30,777.2,112.3,7.079244999999999,-75.681531,0.0,-0.01,0.05,0.88,3.22,28.71,50.68,-7.16,-0.72,1.17,41.9,93228.0,696.93,911.492,0.0009,0.0264,0.0079,0.2836,0.3115,0.961,0.0034,0.0083,41.18,36.52,43.37
17:17:54,777.2,112.3,7.079244999999999,-75.681531,0.0,-0.05,0.19,0.94,3.52,28.71,50.98,-3.56,4.02,0.37,41.9,93228.0,696.93,935.258,0.0009,0.0262,0.0079,0.2776,0.3059,0.9402,0.0033,0.0081999999999999,41.25,36.89,43.5
17:18:17,777.2,112.3,7.079244999999999,-75.681531,0.0,0.1,0.02,0.96,3.22,27.83,50.68,-1.46,1.81,0.99,42.0,93220.0,697.65,958.576,0.0009,0.0258,0.008,0.2689,0.2977,0.8801000000000001,0.0032,0.008,41.22,36.96,43.5
17:18:41,777.2,112.3,7.079244999999999,-75.681531,0.0,0.0,0.25,0.98,2.93,28.13,50.68,-3.91,-4.17,0.76,42.0,93223.0,697.38,982.458,0.0009,0.0264,0.0079,0.2747,0.3031,0.961,0.0034,0.0083,41.25,37.32,43.5
17:19:05,777.2,112.3,7.079244999999999,-75.681531,0.0,0.06,-0.06,0.96,3.22,28.71,50.39,0.2,-1.08,1.03,42.0,93220.0,697.65,1006.218,0.0009,0.0262,0.008,0.2689,0.2977,0.9402,0.0033,0.0081999999999999,41.26,36.96,43.62
17:19:28,777.2,112.3,7.079244999999999,-75.681531,0.0,0.03,0.08,0.93,4.1,28.42,50.98,0.05,1.78,1.06,42.0,93230.0,696.76,1029.531,0.0009,0.0264,0.008,0.266,0.295,0.961,0.0034,0.0083,41.18,36.74,43.5
17:19:52,777.2,112.3,7.079244999999999,-75.681531,0.0,-0.03,0.14,0.96,3.52,28.13,50.68,-1.69,-0.12,0.76,41.9,93225.0,697.2,1053.424,0.0009,0.0262,0.008,0.2603999999999999,0.2897,0.9402,0.0033,0.0081999999999999,41.29,36.24,43.5
17:20:16,777.2,112.3,7.079244999999999,-75.681531,0.0,0.02,-0.08,0.96,2.93,28.71,50.1,-2.95,-0.31,0.6,41.8,93235.0,696.31,1077.165,0.0009,0.0262,0.0081999999999999,0.2576,0.287,0.9402,0.0033,0.0081999999999999,41.19,36.21,43.5
17:20:39,777.2,112.3,7.079244999999999,-75.681531,0.0,-0.01,0.15,1.01,3.52,28.13,50.39,-5.55,0.34,0.72,41.9,93231.0,696.67,1100.488,0.0009,0.0260999999999999,0.0081999999999999,0.2521,0.2818,0.9198,0.0033,0.0081999999999999,41.19,36.24,43.5
17:21:03,777.2,112.3,7.079244999999999,-75.681531,0.0,0.01,0.02,0.95,4.1,28.42,50.39,-5.06,0.16,0.4,41.8,93226.0,697.11,1124.361,0.0009,0.0264,0.0081999999999999,0.2521,0.2818,0.961,0.0034,0.0083,41.18,36.31,43.5
17:21:27,777.2,112.3,7.079244999999999,-75.681531,0.0,0.03,0.09,0.95,3.52,28.13,50.68,0.26,0.28,0.74,41.8,93226.0,697.11,1148.126,0.0009,0.0262,0.0083,0.2494,0.2793,0.9402,0.0033,0.0081999999999999,41.19,36.89,43.37
17:21:50,777.2,112.3,7.079244999999999,-75.681531,0.0,-0.0,0.17,0.97,3.22,27.83,50.68,-3.4,2.75,0.85,41.8,93232.0,696.58,1171.445,0.0008,0.0260999999999999,0.0083,0.2467,0.2767,0.9198,0.0033,0.0081999999999999,41.17,37.03,43.37
17:22:14,764.6,71.34,7.079255,-75.681481,0.0,-0.04,0.06,0.92,3.81,28.42,50.98,-1.62,4.01,0.69,41.9,93224.0,697.29,1195.33,0.0008,0.0259,0.0083,0.2387999999999999,0.2692,0.8996999999999999,0.0033,0.0081,41.12,37.24,43.5
17:22:38,764.6,71.34,7.079255,-75.681481,0.0,0.05,-0.0,0.85,3.22,28.13,50.39,-0.66,-0.53,1.24,42.0,93214.0,698.18,1219.08,0.0008,0.0262,0.0083,0.2387999999999999,0.2692,0.9402,0.0033,0.0081999999999999,41.06,36.59,43.5
17:23:01,764.6,71.34,7.079255,-75.681481,0.0,0.09,-0.09,1.0,3.52,27.83,50.39,-5.13,-2.29,0.5,41.9,93230.0,696.76,1242.403,0.0008,0.0262,0.0084,0.2362999999999999,0.2667,0.9402,0.0033,0.0081999999999999,40.97,36.58,43.5
17:23:25,764.6,71.34,7.079255,-75.681481,0.0,0.17,-0.09,1.01,3.52,27.83,50.98,-4.74,2.75,0.6,41.8,93216.0,698.0,1266.296,0.0008,0.0262,0.0084,0.2337,0.2643,0.9402,0.0033,0.0081999999999999,40.89,36.79,43.37
17:23:49,764.6,71.34,7.079255,-75.681481,0.0,0.01,0.03,0.98,3.22,28.13,50.39,-3.81,-0.94,1.25,41.8,93216.0,698.0,1290.034,0.0008,0.0260999999999999,0.0084,0.2312,0.2618,0.9198,0.0033,0.0081999999999999,40.83,37.21,43.37
17:24:12,764.6,71.34,7.079255,-75.681481,0.0,0.08,0.08,0.99,3.52,27.83,50.68,2.62,3.18,0.34,41.7,93217.0,697.91,1313.367,0.0008,0.0262,0.0086,0.2312,0.2618,0.9402,0.0033,0.0081999999999999,40.79,36.96,43.37
17:24:36,764.6,71.34,7.079255,-75.681481,0.0,-0.01,0.11,0.97,3.52,28.42,50.98,-6.6,-1.13,0.41,41.6,93217.0,697.91,1337.257,0.0008,0.0262,0.0086,0.2287,0.2594,0.9402,0.0033,0.0081999999999999,40.83,37.28,43.12
17:25:00,764.6,71.34,7.079255,-75.681481,0.0,0.13,0.13,1.0,3.52,28.71,50.68,-0.92,3.79,0.76,41.5,93211.0,698.45,1360.995,0.0008,0.0260999999999999,0.0086,0.2237,0.2546,0.9198,0.0033,0.0081999999999999,40.82,37.49,43.12
17:25:23,764.6,71.34,7.079255,-75.681481,0.0,0.0,-0.01,0.94,2.64,28.13,50.98,-6.51,-0.21,0.87,41.3,93204.0,699.07,1384.327,0.0008,0.0264,0.0086,0.2237,0.2546,0.961,0.0034,0.0083,40.75,37.35,42.87
17:25:47,764.6,71.34,7.079255,-75.681481,0.0,0.01,0.14,1.37,3.52,28.71,50.98,-3.29,-4.26,0.8,41.4,93191.0,700.23,1408.211,0.0008,0.0259,0.0086,0.2189,0.25,0.8996999999999999,0.0033,0.0081,40.73,37.27,43.0
17:26:11,761.6,282.44,7.07924,-75.681775,11.3,-0.04,0.01,1.02,14.65,8.2,48.34,-11.29,-2.24,-11.76,41.2,93168.0,702.28,1431.96,0.0008,0.0260999999999999,0.0087,0.2165,0.2476,0.9198,0.0033,0.0081999999999999,40.68,36.65,42.75
17:26:34,753.9,31.9,7.085195,-75.681269,86.87,-0.15,0.55,0.72,-1.76,16.11,48.93,9.28,9.37,-0.47,40.9,92854.0,730.29,1455.281,0.0008,0.0262,0.0087,0.2165,0.2476,0.9402,0.0033,0.0081999999999999,40.43,35.45,42.5
17:26:58,774.7,36.71,7.094445,-75.67535600000001,97.96,0.14,-0.46,1.08,-1.76,17.58,50.39,0.24,-3.59,0.15,40.7,92389.0,771.92,1479.185,0.0008,0.0262,0.0089,0.2118,0.2430999999999999,0.9402,0.0033,0.0081999999999999,40.26,35.47,42.37
17:27:22,834.1,5.49,7.102928,-75.671975,71.24,0.23,-0.32,0.9,0.59,13.18,50.68,-7.78,-0.92,2.73,40.7,92234.0,785.83,1502.926,0.0008,0.0259,0.009,0.2072,0.2385,0.8996999999999999,0.0033,0.0081,40.26,36.04,42.37
17:27:45,826.7,1.31,7.109166,-75.671938,48.97,0.45,-0.4,0.93,0.88,15.23,51.27,1.17,11.03,-0.05,40.8,92532.0,759.1,1526.254,0.0008,0.0262,0.009,0.2095,0.2408,0.9402,0.0033,0.0081999999999999,40.25,36.01,42.37
17:28:09,791.9,358.81,7.113786999999999,-75.672113,39.14,0.19,0.15,1.05,0.88,14.94,50.39,-0.7,-6.88,-0.89,40.9,92880.0,727.97,1550.147,0.0008,0.0262,0.009,0.2072,0.2385,0.9402,0.0033,0.0081999999999999,40.28,36.73,42.5
17:28:33,736.1,14.96,7.117778,-75.67195,31.61,-0.02,0.06,0.7,0.59,15.23,50.98,4.84,4.83,2.77,40.9,93387.0,682.78,1573.885,0.0008,0.0264,0.009,0.2072,0.2385,0.961,0.0034,0.0083,40.25,37.66,42.5
17:28:56,679.4,351.35,7.12005,-75.671806,15.41,0.02,0.43,1.04,3.52,12.6,49.51,-3.53,0.7,0.97,40.8,93709.0,654.19,1597.217,0.0008,0.0262,0.009,0.2072,0.2385,0.9402,0.0033,0.0081999999999999,40.25,37.69,42.5
17:29:20,649.9,5.93,7.120787,-75.67191899999999,0.0,-0.1,0.03,1.11,-0.29,16.11,48.05,7.0,1.22,1.02,40.8,94221.0,608.89,1621.089,0.0007,0.0262,0.009,0.2048999999999999,0.2362999999999999,0.9402,0.0033,0.0081999999999999,40.18,39.04,42.37
17:29:44,649.9,5.93,7.120787,-75.67191899999999,0.0,0.09,-0.06,0.86,0.29,13.48,46.58,-0.28,1.67,1.52,40.8,94055.0,623.55,1644.846,0.0007,0.0259,0.0091,0.1982,0.2297,0.8996999999999999,0.0033,0.0081,40.08,39.49,42.37
17:30:07,649.9,5.93,7.120787,-75.67191899999999,0.0,0.05,-0.05,1.13,0.0,12.6,46.58,-8.71,1.64,-0.69,40.9,94060.0,623.11,1668.161,0.0007,0.0260999999999999,0.0091,0.1982,0.2297,0.9198,0.0033,0.0081999999999999,40.05,39.13,42.5
17:30:31,649.9,5.93,7.120787,-75.67191899999999,0.0,0.13,0.09,0.97,0.0,12.89,47.46,3.04,3.62,0.41,40.8,94076.0,621.7,1692.021,0.0007,0.0262,0.0093,0.1982,0.2297,0.9402,0.0033,0.0081999999999999,40.0,38.84,42.37
17:30:55,649.9,5.93,7.120787,-75.67191899999999,0.0,-0.07,-0.03,1.04,0.29,13.48,47.17,0.21,-4.41,1.93,40.9,94072.0,622.05,1715.798,0.0007,0.0262,0.0093,0.196,0.2276,0.9402,0.0033,0.0081999999999999,39.97,38.98,42.5
17:31:18,649.9,5.93,7.120787,-75.67191899999999,0.0,0.18,-0.15,0.69,0.29,13.18,46.88,3.39,4.72,1.59,40.8,94095.0,620.02,1739.126,0.0007,0.0262,0.0093,0.196,0.2276,0.9402,0.0033,0.0081999999999999,39.91,39.15,42.37
17:31:42,649.9,5.93,7.120787,-75.67191899999999,0.0,0.16,-0.02,1.04,0.29,13.18,47.17,1.17,2.0,0.35,40.8,94187.0,611.89,1763.0,0.0007,0.0259,0.0093999999999999,0.1917,0.2232999999999999,0.8996999999999999,0.0033,0.0081,39.93,39.76,42.37
17:32:06,649.9,5.93,7.120787,-75.67191899999999,0.0,-0.1,0.0,0.91,2.64,27.83,48.63,1.69,-1.44,-2.51,40.6,94165.0,613.83,1786.762,0.0007,0.0262,0.0093999999999999,0.1938,0.2254,0.9402,0.0033,0.0081999999999999,39.83,40.1,42.25
17:32:29,677.3,123.57,7.118532000000001,-75.668594,74.01,0.19,0.1,1.0,3.81,27.54,50.39,-17.29,-0.92,0.11,40.2,93534.0,669.72,1810.093,0.0007,0.0266999999999999,0.0093999999999999,0.1938,0.2254,1.004,0.0034,0.0084,39.68,39.59,41.87
17:32:53,724.9,182.5,7.110010000000001,-75.663481,91.29,0.11,-0.33,1.0,15.53,28.13,48.63,2.93,0.84,-0.45,40.0,92570.0,755.7,1833.984,0.0007,0.0260999999999999,0.0093999999999999,0.1873999999999999,0.2191,0.9198,0.0031,0.0078,39.58,37.34,41.62
17:33:17,930.2,215.47,7.10167,-75.66806899999999,83.11,-0.19,0.51,1.04,18.16,24.9,49.22,3.41,7.73,0.61,39.8,90974.0,899.64,1857.722,0.0007,0.0260999999999999,0.0093999999999999,0.1853,0.217,0.9198,0.0033,0.0081999999999999,39.4,36.5,41.5
17:33:40,998.3,215.68,7.094455,-75.673194,82.25,0.1,0.38,0.98,18.16,23.44,48.93,1.7,1.92,1.78,39.8,89862.0,1001.15,1881.06,0.0007,0.0256,0.0097,0.1772,0.2089,0.8608,0.0032,0.008,39.22,36.09,41.37
17:34:04,1086.8,214.93,7.087038000000001,-75.67845,82.23,-0.15,0.2,0.99,17.87,24.32,49.51,4.49,3.62,0.74,39.7,88830.0,1096.27,1904.963,0.0007,0.0259,0.0097,0.1792,0.2109,0.8996999999999999,0.0033,0.0081,39.15,36.48,41.37
17:34:28,1170.2,227.57,7.079572,-75.683944,82.79,0.13,0.01,1.05,19.92,21.68,47.17,10.97,6.36,-2.02,39.6,88102.0,1163.91,1928.697,0.0007,0.0258,0.0097,0.1772,0.2089,0.8801000000000001,0.0032,0.008,39.11,36.16,41.12
17:34:51,1250.9,252.71,7.076115,-75.692,78.86,-0.11,-0.13,1.05,19.63,16.7,49.8,7.09,1.51,0.89,39.5,87451.0,1224.78,1952.024,0.0007,0.0258,0.0097,0.1772,0.2089,0.8801000000000001,0.0032,0.008,39.07,36.04,41.12
17:35:15,1330.1,257.55,7.073905,-75.700325,77.03,0.37,-0.16,0.84,19.04,16.41,48.34,10.38,12.06,-0.61,39.6,87024.0,1264.91,1975.933,0.0007,0.0258,0.0097,0.1752,0.2069,0.8801000000000001,0.0032,0.008,39.09,35.33,41.25
17:35:39,1366.3,264.63,7.072458999999999,-75.7091,81.73,0.24,-0.45,0.99,19.04,15.53,48.93,-7.68,-6.7,0.53,39.8,86719.0,1293.67,1999.656,0.0007,0.0258,0.0098999999999999,0.1732,0.2048999999999999,0.8801000000000001,0.0032,0.008,39.15,34.65,41.37
17:36:02,1413.2,256.87,7.07159,-75.717925,82.54,0.01,0.36,1.03,18.46,17.29,50.1,-12.07,1.95,2.88,39.9,86287.0,1334.54,2022.988,0.0007,0.0258,0.0098999999999999,0.1732,0.2048999999999999,0.8801000000000001,0.0032,0.008,39.18,35.05,41.37
17:36:26,1454.8,226.41,7.067122,-75.7258,82.55,0.36,-0.57,1.01,17.87,22.85,49.51,-13.4,-12.04,1.0,39.9,86036.0,1358.37,2046.921,0.0007,0.0259,0.0098999999999999,0.1732,0.2048999999999999,0.8996999999999999,0.0033,0.0081,39.23,36.13,41.37
17:36:50,1477.8,210.71,7.05991,-75.731481,83.46,0.08,0.06,0.76,17.29,25.49,50.1,8.61,7.79,0.8,39.9,85733.0,1387.2,2070.633,0.0007,0.0258,0.0098999999999999,0.1732,0.2048999999999999,0.8801000000000001,0.0032,0.008,39.28,36.64,41.37
17:37:13,1520.0,198.95,7.051132000000001,-75.73473100000001,90.16,-0.03,-0.19,1.0,16.11,27.54,48.93,-20.23,-9.41,-0.78,39.7,84918.0,1465.17,2093.939,0.0007,0.0258,0.0098999999999999,0.1732,0.2048999999999999,0.8801000000000001,0.0032,0.008,39.16,36.34,41.25
17:37:37,1591.9,199.39,7.041519999999999,-75.738113,89.51,-0.26,0.35,0.95,16.11,27.25,49.8,-21.8,-10.66,1.92,39.6,83868.0,1566.53,2117.864,0.0007,0.0253,0.0098999999999999,0.1674,0.1991,0.8234,0.0032,0.0079,39.07,35.07,41.12
17:38:01,1665.1,183.44,7.031725,-75.73970600000001,88.67,0.02,0.21,0.97,13.48,29.3,48.93,1.82,0.47,0.58,39.5,82793.0,1671.36,2141.574,0.0007,0.0256,0.0098999999999999,0.1693,0.201,0.8608,0.0032,0.008,38.97,33.87,41.12
17:38:24,1742.4,178.15,7.022268,-75.73985,87.94,0.26,0.63,0.87,12.6,28.71,49.51,7.25,7.22,-0.42,39.3,81680.0,1781.07,2164.914,0.0007,0.0256,0.01,0.1674,0.1991,0.8608,0.0032,0.008,38.9,33.94,40.87
17:38:48,1834.8,176.12,7.011755,-75.739194,99.32,0.06,-0.69,1.01,13.18,28.71,49.22,-11.86,7.24,0.82,39.1,80475.0,1901.23,2188.811,0.0007,0.0256,0.01,0.1674,0.1991,0.8608,0.0032,0.008,38.79,33.13,40.62
17:39:12,2028.5,180.94,7.000005000000001,-75.739013,106.09,-0.0,-0.21,0.87,13.77,28.42,50.39,-21.26,-8.7,1.01,38.9,79331.0,2016.65,2212.552,0.0006,0.0254,0.01,0.1637,0.1953,0.8419,0.0032,0.0079,38.61,32.24,40.37
17:39:35,2184.0,178.89,6.987627000000001,-75.739088,121.02,0.27,-0.33,0.8,13.77,28.13,49.8,7.9,6.65,0.82,38.6,78754.0,2075.38,2235.871,0.0006,0.0253,0.0101,0.1618,0.1934,0.8234,0.0032,0.0079,38.46,32.23,40.25
17:39:59,2237.1,176.74,6.97383,-75.738388,127.06,0.3,-0.1,0.51,13.18,28.71,50.68,-10.86,2.55,1.38,38.4,78400.0,2111.58,2259.763,0.0006,0.0250999999999999,0.0101,0.1581,0.1896999999999999,0.8051999999999999,0.0031,0.0078,38.21,32.46,40.0
17:40:23,2276.5,179.28,6.959563,-75.737788,129.03,-0.13,-0.05,0.84,14.06,28.71,50.1,0.9,-7.0,1.05,38.2,78101.0,2142.27,2283.497,0.0006,0.0253,0.0103,0.1581,0.1896999999999999,0.8234,0.0032,0.0079,38.03,31.25,39.75
17:40:46,2337.6,180.91,6.94592,-75.738119,124.34,0.17,-0.11,1.14,13.77,27.83,50.1,7.6,7.03,1.54,38.1,77546.0,2199.47,2306.836,0.0006,0.0253,0.0103,0.1563,0.1878,0.8234,0.0032,0.0079,37.84,30.94,39.62
17:41:10,2434.6,176.87,6.932034,-75.737938,118.54,0.06,0.03,1.03,13.18,29.0,49.22,-16.98,-6.27,0.14,37.8,76796.0,2277.31,2330.729,0.0006,0.0248,0.0104,0.151,0.1823999999999999,0.77,0.0031,0.0077,37.66,31.36,39.5
17:41:34,2541.7,175.69,6.919436999999999,-75.7371,114.13,-0.12,-0.06,0.97,13.18,28.42,50.1,-24.47,-13.39,2.25,37.6,75809.0,2380.68,2354.465,0.0006,0.025,0.0104,0.1493,0.1805999999999999,0.7874,0.0031,0.0077,37.59,29.82,39.12
17:41:57,2615.0,173.28,6.907214999999999,-75.73585,115.09,0.45,-0.54,0.99,13.48,28.42,50.68,-8.03,-0.24,1.61,37.4,75127.0,2452.75,2377.779,0.0006,0.025,0.0106,0.1493,0.1805999999999999,0.7874,0.0031,0.0077,37.37,28.48,39.0
17:42:21,2767.8,169.03,6.895560000000001,-75.73400600000001,96.82,0.41,-0.15,0.98,12.89,29.88,48.93,11.93,5.69,2.14,37.3,73780.0,2596.65,2401.686,0.0006,0.025,0.0107,0.1476,0.1789,0.7874,0.0031,0.0077,37.09,28.39,38.87
17:42:45,2873.1,163.69,6.885584,-75.731913,89.32,0.28,-0.64,1.12,11.72,29.3,49.51,-8.11,-6.09,1.21,37.1,72188.0,2769.51,2425.417,0.0006,0.0250999999999999,0.0109,0.1476,0.1789,0.8051999999999999,0.0031,0.0078,36.97,28.89,38.75
17:43:08,2952.8,165.94,6.87662,-75.7295,86.76,0.26,-0.52,0.87,11.43,28.71,49.8,4.16,12.86,0.19,37.0,70966.0,2904.29,2448.74,0.0006,0.0250999999999999,0.0109,0.1459,0.1719,0.6877,0.0029,0.0074,36.8,27.26,38.62
17:43:32,3041.7,145.42,6.866913,-75.72641899999999,94.79,0.33,0.25,1.09,7.91,31.05,48.34,-10.83,1.52,0.51,36.8,70147.0,2995.69,2472.637,0.0005,0.0233999999999999,0.0112,0.1267,0.1571,0.6134000000000001,0.0028,0.0070999999999999,36.58,26.8,38.37
17:43:56,3162.6,126.58,6.859702,-75.717438,108.06,-0.01,0.21,0.82,4.69,30.18,49.8,12.69,6.28,0.22,36.8,69410.0,3078.67,2496.37,0.0005,0.0232,0.0112,0.1252,0.1556,0.5993999999999999,0.0028,0.0069999999999999,36.43,25.15,38.37
17:44:19,3312.7,145.88,6.85205,-75.70885600000001,107.07,0.27,0.21,0.84,9.38,29.59,50.68,-15.01,4.78,-1.27,36.8,68835.0,3143.91,2519.703,0.0005,0.0227999999999999,0.0113999999999999,0.1151,0.1449,0.5590999999999999,0.0027,0.0068,36.36,25.14,38.25
17:44:43,3448.5,154.53,6.84105,-75.704275,112.9,-0.0,-0.14,0.89,9.08,29.88,49.22,6.2,-0.5,2.44,36.7,68094.0,3228.63,2543.587,0.0005,0.0225,0.0116,0.1165,0.1464,0.5336,0.0026,0.0067,36.23,25.58,38.0
17:45:07,3462.4,120.99,6.830945,-75.694725,135.54,-0.32,0.36,1.18,2.05,29.3,48.34,-3.11,-4.39,1.88,36.4,67995.0,3240.01,2567.336,0.0005,0.0215,0.0116999999999999,0.1018999999999999,0.1306,0.4522,0.0025,0.0064,36.05,23.78,37.87
17:45:30,3439.7,111.79,6.825082000000001,-75.68073100000001,145.33,0.04,0.56,1.1,0.88,26.66,50.1,2.27,3.23,-4.04,36.1,68195.0,3217.04,2590.669,0.0005,0.0231,0.0116999999999999,0.1178999999999999,0.1479,0.5857,0.0027,0.0069999999999999,35.83,23.17,37.62
17:45:54,3427.8,113.83,6.818756,-75.66585,144.15,0.23,-0.07,0.99,1.17,27.25,48.63,6.46,3.68,3.72,35.8,68260.0,3209.59,2614.554,0.0005,0.0231,0.012,0.1165,0.1464,0.5857,0.0027,0.0069999999999999,35.65,24.72,37.37
17:46:18,3415.3,118.81,6.811661999999999,-75.651306,145.57,0.17,0.07,0.88,2.05,27.25,49.8,-1.06,0.51,1.43,35.6,68414.0,3191.95,2638.307,0.0005,0.0231,0.012,0.1151,0.1449,0.5857,0.0027,0.0069999999999999,35.5,26.2,37.12
17:46:41,3391.3,116.22,6.804444999999999,-75.63703100000001,148.05,-0.04,-0.3,0.58,1.46,27.54,48.93,-27.58,-9.86,2.33,35.4,68564.0,3174.81,2661.621,0.0005,0.0231,0.012,0.1151,0.1449,0.5857,0.0027,0.0069999999999999,35.32,25.67,36.87
17:47:05,3354.1,111.06,6.79783,-75.621444,154.07,0.51,-0.95,1.22,1.76,26.95,48.93,-13.74,5.33,0.08,35.2,68881.0,3138.67,2685.52,0.0005,0.0224,0.012,0.1097,0.139,0.5212,0.0026,0.0067,35.15,26.95,36.75
17:47:29,3334.6,107.04,6.792521000000001,-75.605638,147.84,0.65,-0.54,1.48,0.59,26.95,48.93,-22.65,1.13,-0.24,34.9,69063.0,3117.99,2709.258,0.0005,0.0215,0.0123,0.1007,0.1292,0.4522,0.0025,0.0064,34.94,26.75,36.37
17:47:52,3326.0,103.73,6.788752000000001,-75.590425,144.28,0.55,0.28,0.44,0.29,26.66,49.51,-3.52,-1.02,1.75,34.8,69114.0,3112.2,2732.576,0.0005,0.021,0.0125,0.0958,0.1239,0.4108,0.0024,0.0060999999999999,34.72,26.73,36.12
17:48:16,3337.0,101.64,6.785397,-75.574938,140.19,0.03,0.42,1.02,-0.29,25.78,49.51,15.17,0.83,-1.13,34.6,68972.0,3128.32,2756.482,0.0005,0.0212,0.0125,0.1018999999999999,0.1306,0.431,0.0024,0.0062,34.44,27.89,36.12
17:48:40,3368.0,100.58,6.782344999999999,-75.559538,138.27,0.38,-0.1,0.79,-0.29,25.49,49.8,-6.71,1.5,0.02,34.3,68748.0,3153.82,2780.226,0.0004,0.0212,0.0126,0.0946,0.1226,0.431,0.0024,0.0062,34.26,28.24,35.75
17:49:03,3378.5,100.36,6.779597,-75.544675,144.42,-0.01,0.71,0.87,0.0,24.9,49.51,-12.36,-2.3,-0.1,34.1,68674.0,3162.25,2803.536,0.0004,0.0206,0.0126,0.09,0.1175,0.3818999999999999,0.0023,0.006,34.03,28.52,35.5
17:49:27,3342.6,99.1,6.776835,-75.52838100000001,152.09,0.23,0.18,1.16,0.0,25.49,49.51,-24.94,-3.68,1.01,33.8,69000.0,3125.14,2827.444,0.0004,0.0210999999999999,0.0128,0.0923,0.12,0.4208,0.0024,0.0062,33.79,27.33,35.37
17:49:51,3287.4,99.33,6.773931,-75.51151899999999,157.07,-0.12,0.7,0.74,0.0,24.61,49.22,3.83,2.68,1.17,33.4,69393.0,3080.59,2851.177,0.0005,0.0243999999999999,0.0125,0.1223,0.1524,0.7195999999999999,0.003,0.0075,33.51,28.18,34.87
17:50:14,3179.9,96.2,6.771610000000001,-75.49459399999999,157.39,-0.01,0.64,1.42,-0.59,25.2,48.93,5.13,0.27,0.79,33.0,70327.0,2975.53,2874.506,0.0004,0.0208,0.0131,0.09,0.1175,0.4009,0.0023,0.0060999999999999,33.26,29.0,34.37
17:50:38,3067.8,102.01,6.76928,-75.47711899999999,157.51,0.31,0.32,0.63,0.59,24.32,50.1,19.4,8.12,0.05,32.7,71215.0,2876.68,2898.386,0.0004,0.0208,0.0132,0.09,0.1175,0.4009,0.0023,0.0060999999999999,33.04,31.27,34.12
17:51:02,2946.8,107.82,6.764767999999999,-75.460706,149.14,0.28,0.19,0.48,1.76,25.78,50.98,-16.62,-6.32,3.1,32.5,72208.0,2767.32,2922.151,0.0004,0.021,0.0132,0.09,0.1175,0.4108,0.0024,0.0060999999999999,32.83,33.4,33.87
17:51:25,2836.2,109.47,6.759484,-75.44590600000001,144.19,0.03,-0.41,0.74,0.59,26.66,48.93,-9.29,-0.45,0.76,32.3,73158.0,2663.83,2945.464,0.0004,0.021,0.0132,0.0888,0.1162,0.4108,0.0024,0.0060999999999999,32.57,34.34,33.75
17:51:49,2796.0,105.1,6.755095,-75.43090600000001,136.97,0.33,0.32,0.91,0.59,25.2,49.8,-19.15,-7.0,1.45,32.2,73524.0,2624.25,2969.38,0.0004,0.021,0.0132,0.0888,0.1162,0.4108,0.0024,0.0060999999999999,32.41,34.15,33.62
17:52:13,2800.0,110.44,6.750357000000001,-75.41668100000001,129.69,0.31,0.31,0.79,0.88,26.66,49.22,-17.55,2.66,1.59,32.1,73515.0,2625.22,2993.101,0.0004,0.021,0.0132,0.0888,0.1162,0.4108,0.0024,0.0060999999999999,32.25,36.43,33.62
17:52:36,2760.3,106.55,6.74625,-75.404131,121.97,-0.06,0.42,0.89,0.29,25.49,49.51,0.09,-2.71,1.4,31.9,73886.0,2585.25,3016.431,0.0004,0.0206,0.0132,0.0855,0.1125,0.3818999999999999,0.0023,0.006,32.05,36.55,33.37
17:53:00,2711.8,114.48,6.741397,-75.39145,121.44,0.14,-0.32,1.06,2.34,26.37,51.56,-14.44,-4.08,1.63,32.0,74297.0,2541.17,3040.361,0.0004,0.0207,0.0134,0.0866,0.1138,0.3913,0.0023,0.006,31.93,37.0,33.37
17:53:24,2669.7,122.03,6.734791,-75.379694,120.38,0.01,-0.18,1.19,2.93,27.54,50.39,-5.65,0.17,1.78,31.9,74677.0,2500.59,3064.077,0.0004,0.0207,0.0134,0.0866,0.1138,0.3913,0.0023,0.006,31.83,37.97,33.25
17:53:47,2759.0,75.84,6.732125,-75.369688,80.6,-0.0,0.43,0.98,-1.46,22.56,47.17,-14.75,-7.73,3.38,31.8,73578.0,2618.42,3087.389,0.0004,0.0208,0.0134,0.0866,0.1138,0.4009,0.0023,0.0060999999999999,31.62,37.95,33.12
17:54:11,2831.5,71.48,6.735411999999999,-75.361506,79.67,-0.08,-0.3,1.18,-1.76,21.09,49.22,0.98,1.3,4.54,31.7,72639.0,2720.23,3111.29,0.0005,0.0243999999999999,0.0129,0.1165,0.1464,0.7195999999999999,0.003,0.0075,31.54,36.58,33.25
17:54:35,2893.4,74.99,6.737667999999999,-75.35284399999999,84.21,-0.15,0.4,1.25,-1.17,20.21,49.8,3.26,1.05,-0.8,31.8,72143.0,2774.44,3135.029,0.0005,0.0243999999999999,0.0129,0.1151,0.1449,0.7195999999999999,0.003,0.0075,31.53,36.33,33.12
17:54:58,2880.7,75.31,6.739798,-75.344581,80.04,-0.01,0.2,0.83,-0.59,21.09,50.1,-13.79,-4.92,0.14,31.6,73020.0,2678.79,3158.354,0.0004,0.0204,0.0135,0.0823,0.1089,0.3727,0.0023,0.0059,31.41,36.18,33.0
17:55:22,2805.2,84.23,6.741714999999999,-75.335625,83.86,-0.07,0.52,1.07,0.0,22.27,50.68,-4.04,5.48,-4.44,31.3,74163.0,2555.52,3182.743,0.0004,0.0206,0.0137,0.0823,0.1089,0.3818999999999999,0.0023,0.006,31.34,37.05,32.75
17:55:46,2700.6,107.43,6.739802,-75.326425,88.61,-0.17,-0.59,1.1,1.46,25.78,50.68,2.66,-7.68,1.27,31.1,75531.0,2409.99,3205.995,0.0004,0.0206,0.0138,0.0823,0.1089,0.3818999999999999,0.0023,0.006,31.22,38.39,32.5
17:56:09,2619.2,92.46,6.737794,-75.317188,82.89,0.1,-0.19,1.0,0.29,24.9,50.39,1.19,-4.47,-0.31,31.3,76252.0,2334.15,3229.327,0.0004,0.0208,0.0138,0.0877,0.115,0.4009,0.0023,0.0060999999999999,31.04,39.63,32.75
17:56:33,2511.4,107.73,6.735763,-75.308081,87.93,0.1,-0.24,0.78,0.88,26.07,49.8,14.28,8.08,-0.84,31.4,77343.0,2220.48,3253.208,0.0005,0.0236,0.0135,0.107,0.1362,0.6422,0.0028,0.0072,30.93,41.27,32.75
17:56:57,2313.4,107.95,6.732246000000001,-75.29759399999999,107.14,0.24,-0.65,0.48,1.17,25.49,50.68,-19.2,3.3,3.43,31.3,78495.0,2101.86,3277.46,0.0004,0.0207,0.0138,0.0823,0.1089,0.3913,0.0023,0.006,30.86,42.62,32.75
17:57:21,2189.8,109.98,6.728402,-75.28585600000001,112.7,-0.32,0.74,1.14,1.17,26.07,50.39,-3.34,0.79,-4.31,31.3,79176.0,2032.39,3301.282,0.0004,0.0206,0.0139999999999999,0.0813,0.1077999999999999,0.3818999999999999,0.0023,0.006,30.82,43.57,32.75
17:57:45,2157.2,114.45,6.723605,-75.274688,105.95,0.09,0.16,1.03,2.34,27.25,50.68,-20.65,-3.39,-0.28,31.3,79242.0,2025.69,3325.185,0.0004,0.021,0.0139999999999999,0.0823,0.1089,0.4108,0.0024,0.0060999999999999,30.82,44.21,32.75
17:58:09,2106.3,118.17,6.718547,-75.264394,102.09,-0.14,0.11,1.04,2.34,26.95,50.98,18.01,2.82,-0.82,31.1,79650.0,1984.33,3348.919,0.0004,0.0207,0.0139999999999999,0.0813,0.1077999999999999,0.3913,0.0023,0.006,30.76,43.33,32.5
17:58:32,2068.2,130.77,6.7124,-75.255188,103.66,0.27,0.66,0.84,3.81,29.0,50.68,8.92,10.59,-1.76,30.9,80042.0,1944.76,3372.755,0.0004,0.0206,0.0139999999999999,0.0802,0.1066,0.3818999999999999,0.0023,0.006,30.71,41.92,32.37
17:58:56,2037.5,131.31,6.704494,-75.246963,95.6,0.06,0.33,0.97,4.1,29.3,49.51,-4.76,-2.27,0.53,31.0,80350.0,1913.77,3396.14,0.0005,0.0241,0.0137,0.1084,0.1376,0.6877,0.0029,0.0074,30.71,41.1,32.5
17:59:20,2037.1,123.94,6.699213,-75.23961899999999,71.7,0.32,-0.2,0.94,3.52,28.71,50.39,-21.25,-2.39,0.05,31.1,80388.0,1909.96,3420.39,0.0004,0.0207,0.0143,0.0791999999999999,0.1054,0.3913,0.0023,0.006,30.61,40.54,32.5
17:59:44,2001.0,120.97,6.695088,-75.233188,68.29,0.02,0.45,1.16,3.81,28.42,50.1,3.85,2.74,0.99,31.2,80695.0,1879.18,3444.705,0.0004,0.0207,0.0144,0.0791999999999999,0.1054,0.3913,0.0023,0.006,30.61,40.85,32.62
18:00:08,1959.5,120.66,6.69142,-75.227313,54.03,0.36,-0.0,0.89,3.52,28.71,50.1,13.02,12.76,-0.03,31.3,81206.0,1828.17,3468.601,0.0004,0.0200999999999999,0.0144,0.0742,0.0998,0.3547999999999999,0.0022,0.0058,30.61,42.94,32.87
18:00:32,1918.5,118.21,6.689,-75.22290600000001,35.63,0.17,-0.01,0.82,4.1,28.71,49.51,-5.71,0.07,-1.24,31.5,81488.0,1800.12,3492.344,0.0004,0.0206,0.0146,0.0771999999999999,0.1031,0.3818999999999999,0.0023,0.006,30.72,43.82,33.0
18:00:56,1879.8,145.31,6.687119999999999,-75.220106,24.42,-0.26,0.2,1.02,5.57,29.59,50.1,-1.54,1.97,-0.27,31.7,81737.0,1775.42,3516.169,0.0004,0.0208,0.0144,0.0791999999999999,0.1054,0.4009,0.0023,0.0060999999999999,30.8,44.1,33.12
18:01:20,1857.9,140.12,6.685387,-75.21884399999999,14.77,0.26,0.01,1.02,6.74,29.59,49.22,-8.87,-0.66,3.57,31.7,81941.0,1755.24,3540.572,0.0004,0.0208,0.0144,0.0791999999999999,0.1054,0.4009,0.0023,0.0060999999999999,30.89,44.05,33.25
18:01:44,1838.5,209.82,6.684705,-75.21843100000001,1.83,0.06,0.24,1.05,-0.59,22.85,49.51,-0.58,3.71,3.61,32.0,82312.0,1718.63,3563.805,0.0004,0.0208,0.0146,0.0791999999999999,0.1054,0.4009,0.0023,0.0060999999999999,31.03,44.4,33.37
18:02:07,1836.0,307.72,6.684634,-75.21844399999999,0.0,-0.17,0.14,1.0,-1.17,20.8,48.93,-4.17,-6.1,1.07,32.0,82346.0,1715.28,3587.137,0.0004,0.021,0.0147,0.0802,0.1066,0.4108,0.0024,0.0060999999999999,31.01,45.07,33.37
18:02:31,1836.1,96.6,6.684645,-75.21844399999999,0.83,0.18,-0.03,1.03,-2.05,19.92,48.93,-3.04,-0.72,1.62,32.0,82468.0,1703.28,3611.042,0.0004,0.0206,0.0149,0.0771999999999999,0.1031,0.3818999999999999,0.0023,0.006,31.07,45.38,33.5
18:02:55,1836.2,45.89,6.684658,-75.21839399999999,0.0,-0.14,-0.0,0.87,-1.46,21.09,48.63,7.46,-4.79,1.41,32.0,82460.0,1704.06,3634.763,0.0004,0.021,0.0149,0.0791999999999999,0.1054,0.4108,0.0024,0.0058,31.11,45.56,33.5
18:03:18,1836.2,45.89,6.684658,-75.21839399999999,0.0,0.01,-0.04,0.85,-1.17,20.51,49.51,-2.5,-0.44,0.96,32.2,82172.0,1732.43,3658.095,0.0004,0.0214,0.0147,0.0823,0.1089,0.4415,0.0024,0.0063,31.15,45.36,33.62
18:03:42,1836.2,45.89,6.684658,-75.21839399999999,0.0,0.2,-0.2,1.02,-1.46,20.51,49.22,-5.68,3.46,0.38,32.3,82168.0,1732.82,3682.002,0.0004,0.0212,0.0147,0.0813,0.1077999999999999,0.431,0.0024,0.0062,31.22,45.16,33.75
18:04:06,1836.2,45.89,6.684658,-75.21839399999999,0.0,-0.07,0.07,0.74,-1.46,20.51,49.22,-4.43,-2.91,1.11,32.3,82142.0,1735.39,3705.731,0.0004,0.0214,0.0147,0.0834,0.1101,0.4415,0.0024,0.0063,31.22,45.57,33.75
18:04:29,1836.2,45.89,6.684658,-75.21839399999999,0.0,-0.12,0.3,1.16,-1.17,20.51,48.63,-6.37,-2.48,1.41,32.3,82154.0,1734.2,3729.061,0.0004,0.0216,0.015,0.0843999999999999,0.1113,0.4631,0.0025,0.0064,31.25,45.64,33.75
18:04:53,1836.2,45.89,6.684658,-75.21839399999999,0.0,0.03,-0.12,0.87,-1.17,21.39,48.63,-8.32,1.32,0.66,32.4,82139.0,1735.68,3752.953,0.0004,0.0231,0.0154,0.0782,0.1043,0.5857,0.0027,0.0069999999999999,31.36,45.68,33.75
18:05:13,1841.5,18.83,6.684669,-75.21826300000001,0.21,-0.06,0.12,0.86,-1.17,20.21,49.51,-0.26,-0.11,0.96,32.4,82151.0,1734.5,8.272,0.0004,0.021,0.0158,0.0791999999999999,0.1054,0.4108,0.0024,0.0060999999999999,31.32,45.31,33.75
18:05:36,1849.8,14.93,6.684653,-75.21826899999999,0.14,0.07,-0.14,0.98,-1.76,20.21,48.93,-3.25,0.08,0.94,32.4,82135.0,1736.08,31.598,0.0004,0.0215,0.0161,0.0834,0.1031,0.3913,0.0023,0.006,31.39,45.12,33.75
18:06:00,1849.9,14.93,6.684677000000001,-75.21826899999999,0.0,0.01,0.12,1.03,-1.46,20.21,48.63,-4.75,1.59,0.72,32.2,82131.0,1736.47,55.498,0.0004,0.0218,0.0165,0.0843999999999999,0.1113,0.4743,0.0025,0.0065,31.4,45.12,33.75
18:06:24,1849.9,14.93,6.684677000000001,-75.21826899999999,0.0,0.03,-0.04,1.01,-1.76,20.8,49.51,-3.76,0.65,1.03,32.2,82130.0,1736.57,79.246,0.0004,0.0219,0.0165,0.0855,0.1125,0.4856,0.0025,0.0065,31.4,45.05,33.75
18:06:47,1849.9,14.93,6.684677000000001,-75.21826899999999,0.0,0.02,-0.02,1.03,-2.05,20.51,48.34,-3.68,0.57,0.73,32.3,82143.0,1735.29,102.561,0.0004,0.0218,0.0166,0.0843999999999999,0.1113,0.4743,0.0025,0.0065,31.43,45.22,33.75
18:07:11,1849.9,14.93,6.684677000000001,-75.21826899999999,0.0,0.04,-0.02,1.02,-2.05,20.21,49.22,-3.3,0.59,0.56,32.4,82124.0,1737.16,126.448,0.0004,0.0222,0.0163,0.0877,0.115,0.5091,0.0026,0.0066,31.5,45.9,33.87
22:46:59,1750.9,104.82,6.684303,-75.217681,1.07,-0.07,-0.01,0.96,-2.05,22.85,50.39,-3.68,0.73,0.67,23.6,81898.0,1759.49,107.712,0.002,0.0266999999999999,0.0056,0.9027,0.8325,1.004,0.0034,0.0084,22.32,72.06,25.12
22:47:23,1850.1,44.68,6.684660000000001,-75.218275,0.0,-0.09,-0.07,1.08,-2.34,22.27,50.68,-3.77,0.72,0.73,23.9,81899.0,1759.39,131.597,0.0015,0.0210999999999999,0.0060999999999999,0.6068,0.5942000000000001,0.4208,0.0024,0.0062,22.6,71.47,25.5
22:47:47,1850.1,44.68,6.684660000000001,-75.218275,0.0,-0.04,-0.08,1.08,-2.34,23.14,50.39,-2.77,0.95,0.8,24.1,81898.0,1759.49,155.393,0.0014,0.02,0.0064,0.5063,0.5095000000000001,0.3461999999999999,0.0022,0.0058,22.87,70.79,25.75
22:48:10,1850.1,44.68,6.684660000000001,-75.218275,0.0,-0.06,-0.05,1.08,-2.34,22.56,50.1,-2.12,1.67,0.59,24.4,81901.0,1759.19,178.761,0.0014,0.0233999999999999,0.0065,0.5325,0.5318,0.6134000000000001,0.0028,0.0070999999999999,23.14,70.14,26.0
22:48:34,1850.1,44.68,6.684660000000001,-75.218275,0.0,-0.09,0.02,1.01,1.76,19.04,48.93,-5.43,-0.55,0.6,24.6,81903.0,1758.99,202.627,0.0012,0.0220999999999999,0.0068,0.4392,0.4515,0.4972999999999999,0.0026,0.0066,23.37,69.61,26.25
22:48:58,1850.1,44.68,6.684660000000001,-75.218275,0.0,-0.2,0.07,1.14,2.05,19.63,48.05,-9.48,2.82,0.92,24.8,81910.0,1758.3,226.385,0.001,0.0183,0.0073,0.3119,0.3377,0.2494,0.0019,0.0051,23.64,69.12,26.5
22:49:21,1850.1,44.68,6.684660000000001,-75.218275,0.0,-0.12,-0.03,1.08,1.76,21.97,48.63,-0.7,-1.27,1.34,24.9,82057.0,1743.78,249.719,0.001,0.0194,0.0076,0.3021999999999999,0.3287,0.3057,0.0021,0.0055,23.84,68.73,26.62
22:49:45,1850.1,44.68,6.684660000000001,-75.218275,0.0,-0.08,0.09,0.78,1.46,21.09,48.63,-8.89,0.0,0.51,25.1,82185.0,1731.15,273.581,0.0009,0.0194,0.0077,0.2776,0.3059,0.3057,0.0021,0.0055,24.03,68.36,26.75
22:50:09,1858.6,343.57,6.685161999999999,-75.218425,20.22,-0.12,0.18,0.95,12.6,9.67,48.34,-11.05,-0.62,2.45,25.2,81683.0,1780.78,297.357,0.0008,0.0183,0.008,0.2387999999999999,0.2692,0.2494,0.0019,0.0051,24.16,67.64,26.87
22:50:32,1895.4,323.95,6.689553,-75.221525,71.63,-0.28,0.16,1.11,18.46,10.25,50.39,-7.04,-3.57,0.12,25.3,80601.0,1888.59,320.706,0.0008,0.0179,0.0083,0.2165,0.2476,0.2307,0.0019,0.005,24.3,66.53,27.12
22:50:56,1957.4,56.13,6.695614999999999,-75.220388,77.57,-0.17,0.32,1.03,4.98,14.06,51.56,-2.69,-0.72,-2.35,25.5,79195.0,2030.46,344.616,0.0008,0.0187,0.0083,0.2165,0.2476,0.2693,0.002,0.0053,24.4,65.03,27.12
22:51:20,1985.7,128.77,6.69389,-75.210375,104.43,0.12,0.41,0.86,11.13,28.42,51.56,-1.16,2.12,0.47,25.6,78338.0,2117.94,368.323,0.0008,0.0196,0.0083,0.2165,0.2476,0.3213,0.0021,0.0056,24.54,63.33,27.25
22:51:43,2052.7,170.7,6.680944,-75.206294,134.45,0.22,0.0,0.92,14.65,29.88,50.1,-5.74,-8.13,0.98,25.7,77582.0,2195.75,391.672,0.0006,0.0166,0.0087,0.1618,0.1934,0.1722,0.0017,0.0045,24.65,61.77,27.25
22:52:07,2264.4,180.77,6.665172,-75.20553100000001,144.27,0.02,0.21,1.21,15.53,29.0,50.39,-2.2,-6.14,4.38,25.8,76965.0,2259.71,415.582,0.0006,0.0163,0.009,0.1493,0.1805999999999999,0.1631,0.0016,0.0044,24.76,60.61,27.5
22:52:31,2333.6,188.61,6.648343,-75.207063,153.99,-0.01,0.38,0.63,16.7,29.59,50.1,-6.71,6.27,-2.38,25.8,77019.0,2254.1,439.316,0.0006,0.0165,0.0091,0.1425,0.1736,0.1676,0.0016,0.0045,24.86,59.78,27.5
22:52:54,2337.9,193.42,6.63163,-75.210463,161.34,-0.52,0.35,1.03,16.7,29.3,50.68,2.41,-8.73,1.88,25.9,77239.0,2231.26,462.65,0.0006,0.0167,0.0093999999999999,0.1376,0.1685,0.177,0.0017,0.0045,24.9,59.18,27.5
22:53:18,2292.1,195.73,6.614037,-75.215025,164.26,0.2,-0.22,0.77,18.16,29.0,51.56,-4.3,-0.34,1.75,26.0,77687.0,2184.91,486.553,0.0006,0.0163,0.0096,0.1297,0.1603,0.1631,0.0016,0.0044,24.97,59.22,27.62
22:53:42,2215.1,198.02,6.596407000000001,-75.22040600000001,165.74,0.45,-0.4,0.86,17.87,27.83,50.68,-17.17,-1.73,0.66,26.0,78383.0,2113.33,510.297,0.0005,0.0165,0.0097,0.1252,0.1556,0.1676,0.0016,0.0045,25.04,59.1,27.62
22:54:05,2141.6,199.84,6.579560000000001,-75.226213,167.5,-0.16,0.16,1.19,17.58,27.83,51.27,6.26,1.68,1.1,26.1,79133.0,2036.77,533.618,0.0005,0.0163,0.0098999999999999,0.1178999999999999,0.1479,0.1631,0.0016,0.0044,25.11,59.3,27.75
22:54:29,2062.1,203.32,6.5622300000000005,-75.232969,165.42,-0.2,0.72,1.49,18.46,27.54,50.98,4.78,3.67,0.71,26.2,79696.0,1979.68,557.522,0.0005,0.0162,0.01,0.1137,0.1434,0.1586999999999999,0.0016,0.0044,25.18,60.04,27.75
22:54:53,2028.5,209.42,6.545872,-75.241163,163.34,0.23,-0.02,0.85,18.16,27.83,50.98,13.66,-2.69,2.02,26.2,80006.0,1948.39,581.264,0.0005,0.0159,0.0101,0.107,0.1362,0.1461,0.0015,0.0042,25.23,60.53,27.87
22:55:16,1985.8,210.99,6.530537000000001,-75.250288,169.22,-0.26,0.31,1.15,18.46,26.95,50.98,1.83,1.53,1.59,26.3,80470.0,1901.73,604.61,0.0005,0.0155,0.0104,0.1007,0.1292,0.1344,0.0015,0.0040999999999999,25.33,60.97,27.87
22:55:40,1934.8,211.95,6.514573,-75.260231,167.52,-0.18,-0.42,1.07,17.29,27.83,51.56,-12.12,-1.43,1.17,26.3,80805.0,1868.18,628.523,0.0005,0.0155,0.0104,0.0982,0.1266,0.1344,0.0015,0.0040999999999999,25.37,61.28,27.87
22:56:04,1912.4,218.07,6.499152,-75.270813,166.41,0.28,-0.63,1.39,18.75,27.25,50.39,-13.96,6.05,-3.33,26.4,81146.0,1834.14,652.224,0.0005,0.0165,0.0104,0.1043999999999999,0.1334,0.1676,0.0016,0.0045,25.46,61.57,28.0
22:56:27,1941.9,222.79,6.485963,-75.28219399999999,157.39,0.17,-0.13,0.82,19.04,27.25,51.56,6.37,0.53,2.51,26.3,80897.0,1858.98,675.558,0.0005,0.0159,0.0107,0.0958,0.1239,0.1461,0.0015,0.0042,25.5,61.57,27.87
22:56:51,1979.1,227.81,6.47346,-75.294638,158.48,0.24,0.44,1.15,19.63,25.78,50.1,6.29,8.87,4.0,26.3,80571.0,1891.6,699.448,0.0005,0.0163,0.0107,0.0982,0.1266,0.1631,0.0016,0.0044,25.51,60.64,28.0
22:57:15,1996.5,233.07,6.462104,-75.308363,160.67,0.26,-0.0,0.37,19.92,25.2,50.68,9.35,-1.4,2.01,26.4,80373.0,1911.46,723.191,0.0004,0.0162,0.0109,0.0946,0.1226,0.1586999999999999,0.0016,0.0044,25.55,60.13,28.12
22:57:38,2022.1,234.14,6.452066,-75.322363,160.5,-0.12,0.47,0.81,20.21,24.61,50.98,-5.26,-2.55,2.34,26.4,80116.0,1937.3,746.534,0.0004,0.0162,0.0109,0.0923,0.12,0.1586999999999999,0.0016,0.0044,25.59,59.71,28.12
22:58:02,2052.3,233.94,6.441452,-75.336825,159.51,0.1,-0.44,1.11,20.21,24.9,50.68,-5.91,-1.23,-2.98,26.5,79882.0,1960.89,770.449,0.0004,0.0159,0.011,0.0877,0.115,0.1461,0.0015,0.0042,25.64,59.19,28.25
22:58:26,2062.2,238.96,6.431405000000001,-75.351763,162.28,-0.02,-0.26,1.59,21.39,24.02,50.39,-14.4,-6.24,-1.98,26.5,79753.0,1973.92,794.161,0.0004,0.0156,0.0113,0.0834,0.1101,0.1382,0.0015,0.0042,25.69,58.86,28.25
22:58:49,2084.0,245.72,6.423398000000001,-75.36725600000001,162.73,0.05,-0.12,1.46,20.8,23.14,49.51,1.85,-5.14,-3.88,26.6,79606.0,1988.78,817.505,0.0004,0.0153,0.0113,0.0791999999999999,0.1054,0.127,0.0015,0.004,25.73,57.86,28.25
22:59:13,2110.3,250.03,6.416648,-75.384019,159.66,0.12,-0.01,1.11,21.68,22.27,50.39,-12.4,-6.24,3.27,26.6,79400.0,2009.65,841.41,0.0004,0.0154,0.0113999999999999,0.0782,0.1043,0.1306,0.0015,0.0040999999999999,25.76,56.93,28.37
22:59:37,2133.2,247.83,6.4104220000000005,-75.400681,159.19,-0.19,-0.31,0.92,21.68,22.85,50.1,9.32,-7.95,-3.17,26.6,79082.0,2041.95,865.139,0.0004,0.0151,0.0116999999999999,0.0742,0.0998,0.1234,0.0014,0.004,25.8,57.12,28.25
23:00:00,2159.6,244.95,6.403618,-75.41618100000001,155.88,0.07,-0.68,1.09,20.51,22.85,50.68,-17.04,-1.69,-0.62,26.7,78862.0,2064.36,888.449,0.0004,0.0147,0.0118999999999999,0.0704,0.0953999999999999,0.1101,0.0014,0.0038,25.83,57.47,28.5
23:00:24,2183.9,242.36,6.395745,-75.431669,156.09,-0.12,-0.6,0.73,21.39,23.44,50.98,-16.09,7.78,0.05,26.7,78618.0,2089.27,912.36,0.0004,0.0166,0.0116999999999999,0.0834,0.1101,0.1722,0.0017,0.0045,25.87,57.29,28.5
23:00:48,2171.1,243.16,6.387442,-75.44760600000001,160.4,-0.0,-0.18,0.71,20.21,23.73,49.22,-25.49,-7.57,-1.4,26.8,78774.0,2073.34,936.094,0.0004,0.015,0.012,0.0704,0.0953999999999999,0.12,0.0014,0.004,25.9,57.45,28.5
23:01:11,2146.8,243.64,6.379682,-75.463044,162.89,-0.29,-0.57,1.36,20.51,23.14,50.39,-18.63,5.45,-3.27,26.8,78964.0,2053.96,959.413,0.0004,0.0149,0.0121999999999999,0.0686,0.0933,0.1166,0.0014,0.0039,25.97,57.77,28.5
23:01:35,2111.4,243.04,6.3716230000000005,-75.47953100000001,167.15,0.35,-0.6,0.99,20.51,23.44,50.68,-2.36,2.27,5.73,26.8,79253.0,2024.57,983.34,0.0004,0.0151,0.0121999999999999,0.0704,0.0953999999999999,0.1234,0.0014,0.004,26.0,57.83,28.62
23:01:59,2118.0,237.64,6.36245,-75.495531,157.14,0.11,-0.09,1.17,20.8,24.61,50.68,-16.18,4.81,2.73,26.9,79302.0,2019.6,1007.068,0.0004,0.0184,0.0118999999999999,0.0946,0.1226,0.2559,0.0019,0.0052,26.03,58.39,28.62
23:02:22,2253.3,234.88,6.353413,-75.508738,141.25,-0.01,-0.52,0.71,19.92,24.9,50.39,-4.15,-5.65,-3.2,26.9,78151.0,2137.13,1030.4,0.0004,0.0151,0.0123,0.0676,0.0922,0.1234,0.0014,0.004,26.05,57.22,28.62
23:02:46,2394.9,232.88,6.344396,-75.52103100000001,133.73,0.11,-0.47,1.05,19.92,25.78,50.68,-7.31,3.59,1.27,26.9,76921.0,2264.29,1054.313,0.0003,0.0148,0.0125,0.0641,0.0881,0.1133,0.0014,0.0039,26.08,55.2,28.62
23:03:10,2573.4,192.06,6.333573,-75.529319,118.7,-0.27,-0.37,1.32,12.6,30.47,50.98,-13.02,-0.82,0.95,26.9,75265.0,2438.12,1078.034,0.0005,0.0195,0.012,0.0993999999999999,0.1278999999999999,0.3134,0.0021,0.0056,26.11,54.04,28.62
23:03:33,2734.9,161.68,6.321280000000001,-75.527631,117.56,0.04,-0.44,0.84,8.2,30.18,51.56,0.83,-1.83,-2.89,26.9,73736.0,2601.39,1101.367,0.0004,0.0192,0.0121999999999999,0.0946,0.1226,0.2981,0.0021,0.0055,26.11,52.83,28.62
23:03:57,2757.5,156.12,6.308555,-75.522475,129.58,0.16,-0.24,1.13,7.91,28.13,50.68,-11.15,7.71,4.68,26.9,73579.0,2618.31,1125.271,0.0004,0.0192,0.0125,0.0934,0.1213,0.2981,0.0021,0.0055,26.08,52.26,28.5
23:04:21,2745.4,154.16,6.295245,-75.516113,131.68,0.35,-0.09,0.76,7.91,28.13,50.1,13.85,2.69,1.5,27.0,73713.0,2603.87,1149.007,0.0005,0.02,0.0126,0.0993999999999999,0.1278999999999999,0.3461999999999999,0.0022,0.0058,26.08,51.68,28.62
23:04:44,2745.6,139.73,6.28324,-75.508875,132.83,-0.4,0.18,0.92,8.2,28.42,46.29,-2.83,4.71,2.29,26.9,73710.0,2604.19,1172.332,0.0005,0.0196,0.0129,0.0958,0.1239,0.3213,0.0021,0.0056,26.04,51.16,28.62
23:05:08,2735.6,127.83,6.273317,-75.497713,133.84,0.07,0.21,0.54,7.03,28.13,47.46,-10.44,6.92,-2.11,26.8,73829.0,2591.38,1196.237,0.0004,0.0166,0.0134,0.0713,0.0965,0.1722,0.0017,0.0045,26.05,50.65,28.25
23:05:32,2704.2,124.4,6.26455,-75.48545,136.07,0.42,0.02,0.79,7.32,27.83,48.05,-10.59,-9.64,4.99,26.6,74059.0,2566.67,1219.976,0.0004,0.0187,0.0132,0.0866,0.1138,0.2693,0.002,0.0053,26.07,50.85,28.25
23:05:55,2691.2,124.33,6.256434,-75.473388,133.83,0.36,-0.29,1.16,6.45,27.54,48.34,5.14,6.73,2.71,26.6,74173.0,2554.45,1243.294,0.0004,0.016,0.0137,0.0659,0.0902,0.1502,0.0016,0.0043,26.07,50.97,28.12
23:06:19,2651.9,124.76,6.247825,-75.46073100000001,138.42,0.31,-0.83,0.65,6.74,27.54,47.46,-8.22,14.0,-4.59,26.4,74479.0,2521.71,1267.213,0.0004,0.0178,0.0137,0.0782,0.1043,0.2248,0.0018,0.005,26.04,51.48,28.0
23:06:43,2593.0,131.7,6.238586,-75.44891899999999,131.42,0.12,-0.07,0.78,5.57,28.42,47.75,-11.51,4.1,-0.32,26.5,75068.0,2459.01,1290.938,0.0003,0.016,0.0139999999999999,0.0624,0.0861,0.1502,0.0016,0.0043,26.0,50.87,28.0
23:07:06,2518.8,135.37,6.22905,-75.439031,124.44,-0.23,0.1,1.3,6.45,29.59,46.88,-2.71,-4.78,-0.63,26.5,75864.0,2374.89,1314.27,0.0004,0.0184,0.0137,0.0813,0.1077999999999999,0.2559,0.0019,0.0052,25.98,51.19,28.25
23:07:30,2436.0,147.16,6.218709,-75.43038100000001,120.66,-0.12,-0.38,1.41,7.32,29.59,48.34,-11.82,-4.39,-0.94,26.6,76496.0,2308.61,1338.19,0.0003,0.016,0.0139999999999999,0.0624,0.0861,0.1502,0.0016,0.0043,25.97,52.31,28.25
23:07:54,2345.0,166.04,6.206629,-75.425,114.63,-0.16,-0.4,0.84,9.96,32.23,46.88,3.53,-7.74,-1.91,26.6,77325.0,2222.34,1361.904,0.0004,0.0181,0.0137,0.0771999999999999,0.1031,0.2368,0.0019,0.005,25.98,53.04,28.12
23:08:17,2314.4,176.87,6.195786,-75.4234,90.34,0.2,0.12,1.02,12.6,32.52,47.46,0.2,-2.72,1.53,26.6,77817.0,2171.5,1385.232,0.0004,0.0167,0.0141,0.0659,0.0902,0.177,0.0017,0.0045,25.86,53.18,28.25
23:08:41,2277.6,180.75,6.187265,-75.423281,64.67,-0.02,-0.35,1.04,12.89,33.4,47.17,-10.89,9.61,-0.1,26.6,78299.0,2121.94,1409.146,0.0003,0.016,0.0144,0.0607,0.0842,0.1502,0.0016,0.0043,25.83,52.92,28.12
23:09:05,2239.6,178.9,6.180988,-75.423225,49.33,-0.31,0.03,1.08,12.89,32.81,46.29,-2.37,-3.85,2.07,26.6,78606.0,2090.5,1432.871,0.0003,0.0162,0.0146,0.0607,0.0842,0.1586999999999999,0.0016,0.0044,25.83,53.21,28.25
23:09:28,2209.3,179.03,6.175786,-75.42321899999999,48.47,0.04,-0.19,0.79,13.18,33.11,47.46,-4.9,5.72,3.27,26.6,78831.0,2067.52,1456.205,0.0003,0.0159,0.0147,0.0599,0.0832,0.1461,0.0015,0.0042,25.83,53.59,28.12
23:09:52,2179.0,179.93,6.171137,-75.423163,35.39,0.09,-0.39,1.15,14.65,31.05,46.58,-5.5,5.03,-1.84,26.6,79001.0,2050.2,1480.125,0.0004,0.0172,0.0146,0.0668,0.0911999999999999,0.1969999999999999,0.0017,0.0046999999999999,25.83,53.81,28.25
23:10:16,2164.2,164.1,6.168758,-75.423144,10.62,-0.02,-0.04,0.98,11.72,30.76,46.0,-2.88,1.98,6.23,26.7,79130.0,2037.07,1503.851,0.0003,0.0166,0.0149,0.0624,0.0861,0.1722,0.0017,0.0045,25.86,54.16,28.25
23:10:39,2155.9,86.51,6.168623,-75.422075,5.53,-0.04,0.03,0.99,3.81,20.51,46.58,-4.91,2.71,1.76,26.8,79240.0,2025.89,1527.164,0.0003,0.0167,0.0149,0.0633,0.0871,0.177,0.0017,0.0045,25.86,54.6,28.37
23:11:03,2149.3,81.81,6.16864,-75.42183100000001,0.0,0.09,0.07,0.88,4.1,20.8,46.58,-0.56,-1.4,1.03,26.9,79080.0,2042.16,1551.052,0.0003,0.0171,0.015,0.065,0.0891,0.1918,0.0017,0.0046999999999999,25.86,54.79,28.5
23:11:27,2149.3,81.81,6.16864,-75.42183100000001,0.0,-0.02,-0.25,0.92,3.81,21.09,47.46,2.29,3.11,-0.02,26.9,79034.0,2046.84,1574.814,0.0003,0.0155,0.0155,0.0544,0.0766,0.1344,0.0015,0.0040999999999999,25.91,54.99,28.5
23:11:50,2149.3,81.81,6.16864,-75.42183100000001,0.0,-0.12,-0.17,1.22,3.52,20.8,47.46,0.35,-2.46,0.84,27.0,79046.0,2045.62,1598.132,0.0003,0.0155,0.0157,0.0544,0.0766,0.1344,0.0015,0.0040999999999999,25.93,55.12,28.62
23:12:14,2149.3,81.81,6.16864,-75.42183100000001,0.0,-0.0,0.16,0.96,4.1,21.39,47.17,-10.57,0.7,0.51,27.1,79041.0,2046.12,1622.01,0.0003,0.0159,0.0161,0.0559,0.0785,0.1461,0.0015,0.0042,25.98,55.25,28.75
23:12:38,2147.5,87.15,6.168641,-75.421481,9.03,-0.05,0.05,1.03,3.81,19.92,46.29,-2.81,0.88,0.76,27.1,79150.0,2035.04,1645.779,0.0003,0.0156,0.0168,0.0536,0.0757,0.1382,0.0015,0.0042,26.03,55.47,28.62
23:13:01,2144.7,85.45,6.168637,-75.420563,6.65,-0.12,0.06,0.91,4.1,20.8,46.88,-2.76,-2.23,1.86,27.2,79075.0,2042.67,1669.1,0.0003,0.0157,0.0171,0.0544,0.0766,0.1421,0.0015,0.0042,26.05,55.45,28.75
23:13:25,2147.6,108.21,6.168612,-75.420075,3.42,-0.07,0.09,0.88,4.39,24.61,46.58,-0.08,-4.62,-2.92,27.2,79122.0,2037.88,1692.991,0.0003,0.0165,0.0169,0.0591,0.0822,0.1676,0.0016,0.0045,26.11,55.55,28.87
23:13:49,2148.0,150.14,6.1683650000000005,-75.420006,1.19,0.03,0.2,1.05,6.74,27.54,46.58,-3.68,-2.49,10.28,27.3,79163.0,2033.71,1716.746,0.0003,0.0169,0.0168,0.0616,0.0851,0.1868,0.0017,0.0046,26.15,55.49,28.87
23:14:12,2145.4,78.04,6.1683650000000005,-75.419738,1.55,-0.02,0.09,1.0,3.81,19.63,46.88,-3.98,-1.03,-3.36,27.3,79191.0,2030.87,1740.072,0.0004,0.021,0.0158,0.0911,0.1188,0.4108,0.0024,0.0060999999999999,26.19,55.43,29.0
23:14:36,2143.1,78.74,6.1683580000000005,-75.419663,0.0,-0.27,-0.07,1.06,3.81,20.51,46.88,-8.88,1.75,-0.05,27.4,79103.0,2039.82,1763.977,0.0004,0.0207,0.0157,0.0877,0.115,0.3913,0.0023,0.006,26.26,55.41,29.0
23:14:54,2156.3,245.61,6.168379,-75.419619,0.32,-0.29,-0.03,1.03,3.81,19.92,47.17,-5.71,-2.64,0.83,27.4,79114.0,2038.7,8.624,0.0004,0.0186,0.016,0.0723,0.0975999999999999,0.2625,0.002,0.0052,26.29,55.45,29.0
23:15:17,2157.4,275.14,6.168392,-75.419663,0.07,0.08,0.16,1.0,4.1,21.09,46.29,-9.18,3.52,0.43,27.5,79089.0,2041.24,31.966,0.0004,0.0191,0.016,0.0762,0.102,0.2905999999999999,0.0021,0.0054,26.32,55.42,29.12
23:15:41,2154.9,275.14,6.168393,-75.419663,0.0,-0.05,-0.08,1.0,4.1,21.09,47.17,-4.66,0.92,0.85,27.5,79089.0,2041.24,55.848,0.0004,0.0195,0.016,0.0791999999999999,0.1054,0.3134,0.0021,0.0056,26.4,55.34,29.12
23:16:05,2154.9,275.14,6.168393,-75.419663,0.0,0.06,0.11,1.0,3.22,20.21,46.88,-2.92,-0.64,0.8,27.6,79084.0,2041.75,79.61,0.0004,0.0199,0.0158,0.0813,0.1077999999999999,0.3377,0.0022,0.0056999999999999,26.46,55.22,29.12
23:16:28,2154.9,275.14,6.168393,-75.419663,0.0,0.01,-0.1,0.97,3.22,20.51,47.46,-3.81,0.84,0.55,27.4,79072.0,2042.97,102.929,0.0004,0.0186,0.016,0.0713,0.0965,0.2625,0.002,0.0052,26.51,55.04,29.12
23:16:52,2154.9,275.14,6.168393,-75.419663,0.0,0.03,-0.04,0.99,3.52,21.09,45.7,-3.11,0.52,0.85,27.6,79081.0,2042.06,126.803,0.0004,0.0182,0.0161,0.0704,0.0953999999999999,0.243,0.0019,0.0051,26.58,54.83,29.12
23:17:16,2154.9,275.14,6.168393,-75.419663,0.0,-0.01,-0.04,0.99,3.52,21.09,46.58,-3.43,0.95,0.87,27.6,79069.0,2043.28,150.569,0.0004,0.0186,0.016,0.0713,0.0965,0.2625,0.002,0.0052,26.61,54.71,29.37
23:17:39,2154.9,275.14,6.168393,-75.419663,0.0,-0.01,-0.06,0.98,2.93,21.09,46.88,-3.22,0.57,0.82,27.7,79079.0,2042.26,173.914,0.0004,0.0197,0.0158,0.0791999999999999,0.1054,0.3293999999999999,0.0022,0.0056999999999999,26.68,54.68,29.37
23:18:03,2154.9,275.14,6.168393,-75.419663,0.0,-0.0,-0.06,1.01,4.1,19.34,46.0,-3.68,1.24,0.5,27.7,79067.0,2043.48,197.785,0.0004,0.0199,0.0158,0.0802,0.1066,0.3377,0.0022,0.0056999999999999,26.72,54.66,29.37
