scenario_name,replicate_id,c_index,duration_sec,ghost_estimator,survival_model,error,variable,relevance_score,relevance_rank
Linear_Uncorr_RSF_RFGhost,0,0.826011417225118,0.9391040802001953,rf,rsf,,X1,1769.2777940323297,1
Linear_Uncorr_RSF_RFGhost,0,0.826011417225118,0.9391040802001953,rf,rsf,,X2,1679.0145810111687,2
Linear_Uncorr_RSF_RFGhost,0,0.826011417225118,0.9391040802001953,rf,rsf,,X3,1461.9147274852712,3
Linear_Uncorr_RSF_RFGhost,0,0.826011417225118,0.9391040802001953,rf,rsf,,X4,38.6550793692009,4
Linear_Uncorr_RSF_RFGhost,0,0.826011417225118,0.9391040802001953,rf,rsf,,X5,18.084619627137386,5
Linear_Uncorr_RSF_RFGhost,1,0.8381636629322942,0.7782776355743408,rf,rsf,,X1,1283.1424558092829,1
Linear_Uncorr_RSF_RFGhost,1,0.8381636629322942,0.7782776355743408,rf,rsf,,X2,1156.5878585732457,2
Linear_Uncorr_RSF_RFGhost,1,0.8381636629322942,0.7782776355743408,rf,rsf,,X3,1118.4559222864973,3
Linear_Uncorr_RSF_RFGhost,1,0.8381636629322942,0.7782776355743408,rf,rsf,,X4,12.957570103577336,5
Linear_Uncorr_RSF_RFGhost,1,0.8381636629322942,0.7782776355743408,rf,rsf,,X5,18.790411869798298,4
Linear_Uncorr_RSF_RFGhost,2,0.7837905236907731,0.7982485294342041,rf,rsf,,X1,1377.4250182896085,2
Linear_Uncorr_RSF_RFGhost,2,0.7837905236907731,0.7982485294342041,rf,rsf,,X2,1760.0066257465635,1
Linear_Uncorr_RSF_RFGhost,2,0.7837905236907731,0.7982485294342041,rf,rsf,,X3,1313.0637140721221,3
Linear_Uncorr_RSF_RFGhost,2,0.7837905236907731,0.7982485294342041,rf,rsf,,X4,19.15840685433095,5
Linear_Uncorr_RSF_RFGhost,2,0.7837905236907731,0.7982485294342041,rf,rsf,,X5,25.18821265362555,4
Linear_Uncorr_RSF_RFGhost,3,0.8140515786936611,0.8466293811798096,rf,rsf,,X1,1997.712307625543,1
Linear_Uncorr_RSF_RFGhost,3,0.8140515786936611,0.8466293811798096,rf,rsf,,X2,1352.7358193973866,2
Linear_Uncorr_RSF_RFGhost,3,0.8140515786936611,0.8466293811798096,rf,rsf,,X3,1196.9572465699941,3
Linear_Uncorr_RSF_RFGhost,3,0.8140515786936611,0.8466293811798096,rf,rsf,,X4,7.494101058473228,5
Linear_Uncorr_RSF_RFGhost,3,0.8140515786936611,0.8466293811798096,rf,rsf,,X5,51.00866429944614,4
Linear_Uncorr_RSF_RFGhost,4,0.7959752697296641,0.9027948379516602,rf,rsf,,X1,3095.6437849152503,1
Linear_Uncorr_RSF_RFGhost,4,0.7959752697296641,0.9027948379516602,rf,rsf,,X2,1332.6870837884694,2
Linear_Uncorr_RSF_RFGhost,4,0.7959752697296641,0.9027948379516602,rf,rsf,,X3,707.9106903971598,3
Linear_Uncorr_RSF_RFGhost,4,0.7959752697296641,0.9027948379516602,rf,rsf,,X4,32.41223747238116,5
Linear_Uncorr_RSF_RFGhost,4,0.7959752697296641,0.9027948379516602,rf,rsf,,X5,39.09538050409567,4
Linear_Uncorr_RSF_RFGhost,5,0.7900753768844221,0.7926957607269287,rf,rsf,,X1,1795.8424235803936,2
Linear_Uncorr_RSF_RFGhost,5,0.7900753768844221,0.7926957607269287,rf,rsf,,X2,1325.745118307141,3
Linear_Uncorr_RSF_RFGhost,5,0.7900753768844221,0.7926957607269287,rf,rsf,,X3,3902.884146767161,1
Linear_Uncorr_RSF_RFGhost,5,0.7900753768844221,0.7926957607269287,rf,rsf,,X4,27.369386824337397,4
Linear_Uncorr_RSF_RFGhost,5,0.7900753768844221,0.7926957607269287,rf,rsf,,X5,15.69752287101984,5
Linear_Uncorr_RSF_RFGhost,6,0.8317226383184344,0.7465307712554932,rf,rsf,,X1,2267.676711545597,1
Linear_Uncorr_RSF_RFGhost,6,0.8317226383184344,0.7465307712554932,rf,rsf,,X2,1403.7804117706764,2
Linear_Uncorr_RSF_RFGhost,6,0.8317226383184344,0.7465307712554932,rf,rsf,,X3,1337.3292337098878,3
Linear_Uncorr_RSF_RFGhost,6,0.8317226383184344,0.7465307712554932,rf,rsf,,X4,16.007019627723714,4
Linear_Uncorr_RSF_RFGhost,6,0.8317226383184344,0.7465307712554932,rf,rsf,,X5,12.987515103535628,5
Linear_Uncorr_RSF_RFGhost,7,0.7896722471115303,0.7060611248016357,rf,rsf,,X1,2600.8766866150213,1
Linear_Uncorr_RSF_RFGhost,7,0.7896722471115303,0.7060611248016357,rf,rsf,,X2,2469.8479123846987,2
Linear_Uncorr_RSF_RFGhost,7,0.7896722471115303,0.7060611248016357,rf,rsf,,X3,790.7722386417507,3
Linear_Uncorr_RSF_RFGhost,7,0.7896722471115303,0.7060611248016357,rf,rsf,,X4,20.586114478922592,5
Linear_Uncorr_RSF_RFGhost,7,0.7896722471115303,0.7060611248016357,rf,rsf,,X5,30.00167734024251,4
Linear_Uncorr_RSF_RFGhost,8,0.7628526232533615,0.7627124786376953,rf,rsf,,X1,1845.678095153757,2
Linear_Uncorr_RSF_RFGhost,8,0.7628526232533615,0.7627124786376953,rf,rsf,,X2,2432.2279024717773,1
Linear_Uncorr_RSF_RFGhost,8,0.7628526232533615,0.7627124786376953,rf,rsf,,X3,1394.5987148630527,3
Linear_Uncorr_RSF_RFGhost,8,0.7628526232533615,0.7627124786376953,rf,rsf,,X4,8.16038009111473,5
Linear_Uncorr_RSF_RFGhost,8,0.7628526232533615,0.7627124786376953,rf,rsf,,X5,51.89342331835043,4
Linear_Uncorr_RSF_RFGhost,9,0.7685791297651136,0.7445135116577148,rf,rsf,,X1,521.3685901663235,3
Linear_Uncorr_RSF_RFGhost,9,0.7685791297651136,0.7445135116577148,rf,rsf,,X2,1585.3627551289678,2
Linear_Uncorr_RSF_RFGhost,9,0.7685791297651136,0.7445135116577148,rf,rsf,,X3,2473.1938694580044,1
Linear_Uncorr_RSF_RFGhost,9,0.7685791297651136,0.7445135116577148,rf,rsf,,X4,16.10945175625554,4
Linear_Uncorr_RSF_RFGhost,9,0.7685791297651136,0.7445135116577148,rf,rsf,,X5,9.12456057867618,5
Linear_Uncorr_RSF_RFGhost,10,0.8342742441349893,0.7793140411376953,rf,rsf,,X1,2121.214647785268,1
Linear_Uncorr_RSF_RFGhost,10,0.8342742441349893,0.7793140411376953,rf,rsf,,X2,1011.090234245926,2
Linear_Uncorr_RSF_RFGhost,10,0.8342742441349893,0.7793140411376953,rf,rsf,,X3,883.1780854085373,3
Linear_Uncorr_RSF_RFGhost,10,0.8342742441349893,0.7793140411376953,rf,rsf,,X4,60.76933790911527,4
Linear_Uncorr_RSF_RFGhost,10,0.8342742441349893,0.7793140411376953,rf,rsf,,X5,38.63324065827668,5
Linear_Uncorr_RSF_RFGhost,11,0.7690329218106996,0.6943700313568115,rf,rsf,,X1,1042.4748526540748,3
Linear_Uncorr_RSF_RFGhost,11,0.7690329218106996,0.6943700313568115,rf,rsf,,X2,1103.941965447574,2
Linear_Uncorr_RSF_RFGhost,11,0.7690329218106996,0.6943700313568115,rf,rsf,,X3,1810.0308945208467,1
Linear_Uncorr_RSF_RFGhost,11,0.7690329218106996,0.6943700313568115,rf,rsf,,X4,41.870647273439154,4
Linear_Uncorr_RSF_RFGhost,11,0.7690329218106996,0.6943700313568115,rf,rsf,,X5,24.967009985875876,5
Linear_Uncorr_RSF_RFGhost,12,0.7728037262259024,0.7322332859039307,rf,rsf,,X1,532.3970160823737,3
Linear_Uncorr_RSF_RFGhost,12,0.7728037262259024,0.7322332859039307,rf,rsf,,X2,2837.8569759739034,1
Linear_Uncorr_RSF_RFGhost,12,0.7728037262259024,0.7322332859039307,rf,rsf,,X3,2181.5092683074204,2
Linear_Uncorr_RSF_RFGhost,12,0.7728037262259024,0.7322332859039307,rf,rsf,,X4,33.19904577314744,4
Linear_Uncorr_RSF_RFGhost,12,0.7728037262259024,0.7322332859039307,rf,rsf,,X5,26.464942743156467,5
Linear_Uncorr_RSF_RFGhost,13,0.7535852350667166,0.7341339588165283,rf,rsf,,X1,1130.1467206929724,3
Linear_Uncorr_RSF_RFGhost,13,0.7535852350667166,0.7341339588165283,rf,rsf,,X2,1435.1198032104853,1
Linear_Uncorr_RSF_RFGhost,13,0.7535852350667166,0.7341339588165283,rf,rsf,,X3,1168.6936848709897,2
Linear_Uncorr_RSF_RFGhost,13,0.7535852350667166,0.7341339588165283,rf,rsf,,X4,10.533460007809566,5
Linear_Uncorr_RSF_RFGhost,13,0.7535852350667166,0.7341339588165283,rf,rsf,,X5,14.105552641885648,4
Linear_Uncorr_RSF_RFGhost,14,0.8017052375152254,0.8245534896850586,rf,rsf,,X1,1037.5317276505307,3
Linear_Uncorr_RSF_RFGhost,14,0.8017052375152254,0.8245534896850586,rf,rsf,,X2,3751.9669717686843,1
Linear_Uncorr_RSF_RFGhost,14,0.8017052375152254,0.8245534896850586,rf,rsf,,X3,1876.8551077459992,2
Linear_Uncorr_RSF_RFGhost,14,0.8017052375152254,0.8245534896850586,rf,rsf,,X4,33.400829784895514,4
Linear_Uncorr_RSF_RFGhost,14,0.8017052375152254,0.8245534896850586,rf,rsf,,X5,27.025084324738202,5
Linear_Uncorr_RSF_RFGhost,15,0.785177545307205,0.8296289443969727,rf,rsf,,X1,542.8082066430457,2
Linear_Uncorr_RSF_RFGhost,15,0.785177545307205,0.8296289443969727,rf,rsf,,X2,1544.7554342238186,1
Linear_Uncorr_RSF_RFGhost,15,0.785177545307205,0.8296289443969727,rf,rsf,,X3,531.0601750947843,3
Linear_Uncorr_RSF_RFGhost,15,0.785177545307205,0.8296289443969727,rf,rsf,,X4,17.02086081741278,4
Linear_Uncorr_RSF_RFGhost,15,0.785177545307205,0.8296289443969727,rf,rsf,,X5,16.52080976100469,5
Linear_Uncorr_RSF_RFGhost,16,0.8299869621903521,0.7961916923522949,rf,rsf,,X1,1570.4992584622987,2
Linear_Uncorr_RSF_RFGhost,16,0.8299869621903521,0.7961916923522949,rf,rsf,,X2,909.6209363749637,3
Linear_Uncorr_RSF_RFGhost,16,0.8299869621903521,0.7961916923522949,rf,rsf,,X3,1715.1434343675173,1
Linear_Uncorr_RSF_RFGhost,16,0.8299869621903521,0.7961916923522949,rf,rsf,,X4,38.77154513566888,4
Linear_Uncorr_RSF_RFGhost,16,0.8299869621903521,0.7961916923522949,rf,rsf,,X5,8.979740157927026,5
Linear_Uncorr_RSF_RFGhost,17,0.8212452283796235,0.7022881507873535,rf,rsf,,X1,1086.5112077409906,3
Linear_Uncorr_RSF_RFGhost,17,0.8212452283796235,0.7022881507873535,rf,rsf,,X2,1192.9864956944082,2
Linear_Uncorr_RSF_RFGhost,17,0.8212452283796235,0.7022881507873535,rf,rsf,,X3,1688.7547401569987,1
Linear_Uncorr_RSF_RFGhost,17,0.8212452283796235,0.7022881507873535,rf,rsf,,X4,13.043135272272863,5
Linear_Uncorr_RSF_RFGhost,17,0.8212452283796235,0.7022881507873535,rf,rsf,,X5,16.343176873664405,4
Linear_Uncorr_RSF_RFGhost,18,0.7506579858706192,0.7633850574493408,rf,rsf,,X1,1407.9818160956936,3
Linear_Uncorr_RSF_RFGhost,18,0.7506579858706192,0.7633850574493408,rf,rsf,,X2,2340.3701452309865,1
Linear_Uncorr_RSF_RFGhost,18,0.7506579858706192,0.7633850574493408,rf,rsf,,X3,2113.290007232083,2
Linear_Uncorr_RSF_RFGhost,18,0.7506579858706192,0.7633850574493408,rf,rsf,,X4,10.777101187871116,5
Linear_Uncorr_RSF_RFGhost,18,0.7506579858706192,0.7633850574493408,rf,rsf,,X5,16.663808477179483,4
Linear_Uncorr_RSF_RFGhost,19,0.7699696048632219,0.6982178688049316,rf,rsf,,X1,1287.1236593222857,2
Linear_Uncorr_RSF_RFGhost,19,0.7699696048632219,0.6982178688049316,rf,rsf,,X2,1564.9675285511576,1
Linear_Uncorr_RSF_RFGhost,19,0.7699696048632219,0.6982178688049316,rf,rsf,,X3,1245.0763392141325,3
Linear_Uncorr_RSF_RFGhost,19,0.7699696048632219,0.6982178688049316,rf,rsf,,X4,34.734876857998316,4
Linear_Uncorr_RSF_RFGhost,19,0.7699696048632219,0.6982178688049316,rf,rsf,,X5,18.05059089268991,5
Linear_Uncorr_RSF_RFGhost,20,0.769606512890095,0.7232699394226074,rf,rsf,,X1,1397.3638495865612,2
Linear_Uncorr_RSF_RFGhost,20,0.769606512890095,0.7232699394226074,rf,rsf,,X2,1835.4109305800832,1
Linear_Uncorr_RSF_RFGhost,20,0.769606512890095,0.7232699394226074,rf,rsf,,X3,1341.4753919604639,3
Linear_Uncorr_RSF_RFGhost,20,0.769606512890095,0.7232699394226074,rf,rsf,,X4,19.44877461660205,4
Linear_Uncorr_RSF_RFGhost,20,0.769606512890095,0.7232699394226074,rf,rsf,,X5,16.078788210169694,5
Linear_Uncorr_RSF_RFGhost,21,0.8287973043027476,0.7142980098724365,rf,rsf,,X1,1217.830332482808,2
Linear_Uncorr_RSF_RFGhost,21,0.8287973043027476,0.7142980098724365,rf,rsf,,X2,421.7467851485366,3
Linear_Uncorr_RSF_RFGhost,21,0.8287973043027476,0.7142980098724365,rf,rsf,,X3,2010.1570290409518,1
Linear_Uncorr_RSF_RFGhost,21,0.8287973043027476,0.7142980098724365,rf,rsf,,X4,71.12866758487544,4
Linear_Uncorr_RSF_RFGhost,21,0.8287973043027476,0.7142980098724365,rf,rsf,,X5,5.893976817990636,5
Linear_Uncorr_RSF_RFGhost,22,0.7788842078386314,0.7170705795288086,rf,rsf,,X1,1734.886065136281,1
Linear_Uncorr_RSF_RFGhost,22,0.7788842078386314,0.7170705795288086,rf,rsf,,X2,1243.4926567828807,2
Linear_Uncorr_RSF_RFGhost,22,0.7788842078386314,0.7170705795288086,rf,rsf,,X3,941.3532647344833,3
Linear_Uncorr_RSF_RFGhost,22,0.7788842078386314,0.7170705795288086,rf,rsf,,X4,26.087403504137484,5
Linear_Uncorr_RSF_RFGhost,22,0.7788842078386314,0.7170705795288086,rf,rsf,,X5,36.19264589901706,4
Linear_Uncorr_RSF_RFGhost,23,0.8143654452802718,0.7682960033416748,rf,rsf,,X1,1759.817915835721,3
Linear_Uncorr_RSF_RFGhost,23,0.8143654452802718,0.7682960033416748,rf,rsf,,X2,2111.904662036876,2
Linear_Uncorr_RSF_RFGhost,23,0.8143654452802718,0.7682960033416748,rf,rsf,,X3,2152.6100127269256,1
Linear_Uncorr_RSF_RFGhost,23,0.8143654452802718,0.7682960033416748,rf,rsf,,X4,22.45358008013959,5
Linear_Uncorr_RSF_RFGhost,23,0.8143654452802718,0.7682960033416748,rf,rsf,,X5,59.90858076446563,4
Linear_Uncorr_RSF_RFGhost,24,0.8190045248868778,0.7599215507507324,rf,rsf,,X1,1570.472742781087,1
Linear_Uncorr_RSF_RFGhost,24,0.8190045248868778,0.7599215507507324,rf,rsf,,X2,1456.3053914563952,2
Linear_Uncorr_RSF_RFGhost,24,0.8190045248868778,0.7599215507507324,rf,rsf,,X3,845.0063374640915,3
Linear_Uncorr_RSF_RFGhost,24,0.8190045248868778,0.7599215507507324,rf,rsf,,X4,43.43247788042161,4
Linear_Uncorr_RSF_RFGhost,24,0.8190045248868778,0.7599215507507324,rf,rsf,,X5,17.646712339675425,5
Linear_Uncorr_RSF_RFGhost,25,0.800375704445836,0.7139208316802979,rf,rsf,,X1,1495.3848479205635,2
Linear_Uncorr_RSF_RFGhost,25,0.800375704445836,0.7139208316802979,rf,rsf,,X2,2050.3950740538885,1
Linear_Uncorr_RSF_RFGhost,25,0.800375704445836,0.7139208316802979,rf,rsf,,X3,1492.4121891339548,3
Linear_Uncorr_RSF_RFGhost,25,0.800375704445836,0.7139208316802979,rf,rsf,,X4,17.989593595689335,4
Linear_Uncorr_RSF_RFGhost,25,0.800375704445836,0.7139208316802979,rf,rsf,,X5,8.551988958971343,5
Linear_Uncorr_RSF_RFGhost,26,0.7778872198965772,0.7163193225860596,rf,rsf,,X1,1421.2342869988554,2
Linear_Uncorr_RSF_RFGhost,26,0.7778872198965772,0.7163193225860596,rf,rsf,,X2,1864.0902391553861,1
Linear_Uncorr_RSF_RFGhost,26,0.7778872198965772,0.7163193225860596,rf,rsf,,X3,746.9073583895158,3
Linear_Uncorr_RSF_RFGhost,26,0.7778872198965772,0.7163193225860596,rf,rsf,,X4,28.44060513613523,5
Linear_Uncorr_RSF_RFGhost,26,0.7778872198965772,0.7163193225860596,rf,rsf,,X5,39.62988072795692,4
Linear_Uncorr_RSF_RFGhost,27,0.7995917387127762,0.7021498680114746,rf,rsf,,X1,2309.788566708611,1
Linear_Uncorr_RSF_RFGhost,27,0.7995917387127762,0.7021498680114746,rf,rsf,,X2,790.934755544417,3
Linear_Uncorr_RSF_RFGhost,27,0.7995917387127762,0.7021498680114746,rf,rsf,,X3,1210.0319429960762,2
Linear_Uncorr_RSF_RFGhost,27,0.7995917387127762,0.7021498680114746,rf,rsf,,X4,22.666355117453428,5
Linear_Uncorr_RSF_RFGhost,27,0.7995917387127762,0.7021498680114746,rf,rsf,,X5,86.57747770883655,4
Linear_Uncorr_RSF_RFGhost,28,0.7970634504457262,0.7482428550720215,rf,rsf,,X1,2198.2118930358756,1
Linear_Uncorr_RSF_RFGhost,28,0.7970634504457262,0.7482428550720215,rf,rsf,,X2,915.7977594688298,3
Linear_Uncorr_RSF_RFGhost,28,0.7970634504457262,0.7482428550720215,rf,rsf,,X3,1521.0348904932837,2
Linear_Uncorr_RSF_RFGhost,28,0.7970634504457262,0.7482428550720215,rf,rsf,,X4,16.440160452459786,4
Linear_Uncorr_RSF_RFGhost,28,0.7970634504457262,0.7482428550720215,rf,rsf,,X5,12.360584987451182,5
Linear_Uncorr_RSF_RFGhost,29,0.7708470992467292,0.7202789783477783,rf,rsf,,X1,1130.3326388213138,3
Linear_Uncorr_RSF_RFGhost,29,0.7708470992467292,0.7202789783477783,rf,rsf,,X2,1537.4714762105527,1
Linear_Uncorr_RSF_RFGhost,29,0.7708470992467292,0.7202789783477783,rf,rsf,,X3,1228.423388205276,2
Linear_Uncorr_RSF_RFGhost,29,0.7708470992467292,0.7202789783477783,rf,rsf,,X4,60.640016696929194,4
Linear_Uncorr_RSF_RFGhost,29,0.7708470992467292,0.7202789783477783,rf,rsf,,X5,12.418600244969793,5
Linear_Corr_RSF_RFGhost,0,0.8038143828960156,0.7127423286437988,rf,rsf,,X1,2385.3959369770932,1
Linear_Corr_RSF_RFGhost,0,0.8038143828960156,0.7127423286437988,rf,rsf,,X2,1152.8079195657733,2
Linear_Corr_RSF_RFGhost,0,0.8038143828960156,0.7127423286437988,rf,rsf,,X3,491.3179312931618,3
Linear_Corr_RSF_RFGhost,0,0.8038143828960156,0.7127423286437988,rf,rsf,,X4,22.24833088659936,4
Linear_Corr_RSF_RFGhost,0,0.8038143828960156,0.7127423286437988,rf,rsf,,X5,3.660457724332247,5
Linear_Corr_RSF_RFGhost,1,0.8054611803196174,0.8749871253967285,rf,rsf,,X1,769.4640937983063,3
Linear_Corr_RSF_RFGhost,1,0.8054611803196174,0.8749871253967285,rf,rsf,,X2,1447.7662370174146,2
Linear_Corr_RSF_RFGhost,1,0.8054611803196174,0.8749871253967285,rf,rsf,,X3,1468.6540095600665,1
Linear_Corr_RSF_RFGhost,1,0.8054611803196174,0.8749871253967285,rf,rsf,,X4,41.477410321000605,4
Linear_Corr_RSF_RFGhost,1,0.8054611803196174,0.8749871253967285,rf,rsf,,X5,10.918629473189275,5
Linear_Corr_RSF_RFGhost,2,0.7999028064633702,0.9255013465881348,rf,rsf,,X1,1218.0138956389753,2
Linear_Corr_RSF_RFGhost,2,0.7999028064633702,0.9255013465881348,rf,rsf,,X2,3284.9868884078187,1
Linear_Corr_RSF_RFGhost,2,0.7999028064633702,0.9255013465881348,rf,rsf,,X3,818.9052262588353,3
Linear_Corr_RSF_RFGhost,2,0.7999028064633702,0.9255013465881348,rf,rsf,,X4,225.33898458985257,4
Linear_Corr_RSF_RFGhost,2,0.7999028064633702,0.9255013465881348,rf,rsf,,X5,4.018405863586077,5
Linear_Corr_RSF_RFGhost,3,0.8248477186530284,0.9042530059814453,rf,rsf,,X1,1423.938940856916,2
Linear_Corr_RSF_RFGhost,3,0.8248477186530284,0.9042530059814453,rf,rsf,,X2,2390.142641783942,1
Linear_Corr_RSF_RFGhost,3,0.8248477186530284,0.9042530059814453,rf,rsf,,X3,689.8186773345842,3
Linear_Corr_RSF_RFGhost,3,0.8248477186530284,0.9042530059814453,rf,rsf,,X4,159.5234164205436,4
Linear_Corr_RSF_RFGhost,3,0.8248477186530284,0.9042530059814453,rf,rsf,,X5,11.323567875282302,5
Linear_Corr_RSF_RFGhost,4,0.7699466435041569,0.8556711673736572,rf,rsf,,X1,1049.9723448931516,3
Linear_Corr_RSF_RFGhost,4,0.7699466435041569,0.8556711673736572,rf,rsf,,X2,1347.1114089207383,2
Linear_Corr_RSF_RFGhost,4,0.7699466435041569,0.8556711673736572,rf,rsf,,X3,1723.8918342477798,1
Linear_Corr_RSF_RFGhost,4,0.7699466435041569,0.8556711673736572,rf,rsf,,X4,47.72435753193616,4
Linear_Corr_RSF_RFGhost,4,0.7699466435041569,0.8556711673736572,rf,rsf,,X5,8.116268756279329,5
Linear_Corr_RSF_RFGhost,5,0.8614969135802469,0.7694740295410156,rf,rsf,,X1,982.4549616035725,2
Linear_Corr_RSF_RFGhost,5,0.8614969135802469,0.7694740295410156,rf,rsf,,X2,1034.9373307814585,1
Linear_Corr_RSF_RFGhost,5,0.8614969135802469,0.7694740295410156,rf,rsf,,X3,700.4322818591096,3
Linear_Corr_RSF_RFGhost,5,0.8614969135802469,0.7694740295410156,rf,rsf,,X4,24.69346716214596,5
Linear_Corr_RSF_RFGhost,5,0.8614969135802469,0.7694740295410156,rf,rsf,,X5,47.9189327139842,4
Linear_Corr_RSF_RFGhost,6,0.8265835929387332,0.7328848838806152,rf,rsf,,X1,1442.046397326178,2
Linear_Corr_RSF_RFGhost,6,0.8265835929387332,0.7328848838806152,rf,rsf,,X2,1144.9586476243994,3
Linear_Corr_RSF_RFGhost,6,0.8265835929387332,0.7328848838806152,rf,rsf,,X3,1682.0454175837358,1
Linear_Corr_RSF_RFGhost,6,0.8265835929387332,0.7328848838806152,rf,rsf,,X4,51.978097234002796,4
Linear_Corr_RSF_RFGhost,6,0.8265835929387332,0.7328848838806152,rf,rsf,,X5,7.117494517793965,5
Linear_Corr_RSF_RFGhost,7,0.8005215123859192,0.7370975017547607,rf,rsf,,X1,1801.813854046574,1
Linear_Corr_RSF_RFGhost,7,0.8005215123859192,0.7370975017547607,rf,rsf,,X2,1570.5122755873024,2
Linear_Corr_RSF_RFGhost,7,0.8005215123859192,0.7370975017547607,rf,rsf,,X3,371.90872634928166,3
Linear_Corr_RSF_RFGhost,7,0.8005215123859192,0.7370975017547607,rf,rsf,,X4,67.796581600936,4
Linear_Corr_RSF_RFGhost,7,0.8005215123859192,0.7370975017547607,rf,rsf,,X5,16.936303626013874,5
Linear_Corr_RSF_RFGhost,8,0.8471890328260596,0.7456173896789551,rf,rsf,,X1,822.2198143991925,2
Linear_Corr_RSF_RFGhost,8,0.8471890328260596,0.7456173896789551,rf,rsf,,X2,2128.564953525478,1
Linear_Corr_RSF_RFGhost,8,0.8471890328260596,0.7456173896789551,rf,rsf,,X3,597.4989712044728,3
Linear_Corr_RSF_RFGhost,8,0.8471890328260596,0.7456173896789551,rf,rsf,,X4,10.088908105307697,5
Linear_Corr_RSF_RFGhost,8,0.8471890328260596,0.7456173896789551,rf,rsf,,X5,10.090524045849591,4
Linear_Corr_RSF_RFGhost,9,0.869341046277666,0.758446216583252,rf,rsf,,X1,1317.6051470325879,1
Linear_Corr_RSF_RFGhost,9,0.869341046277666,0.758446216583252,rf,rsf,,X2,1032.660648020146,3
Linear_Corr_RSF_RFGhost,9,0.869341046277666,0.758446216583252,rf,rsf,,X3,1118.1234973710993,2
Linear_Corr_RSF_RFGhost,9,0.869341046277666,0.758446216583252,rf,rsf,,X4,26.483636070470467,4
Linear_Corr_RSF_RFGhost,9,0.869341046277666,0.758446216583252,rf,rsf,,X5,6.286174433390058,5
Linear_Corr_RSF_RFGhost,10,0.8591293047433398,0.717266321182251,rf,rsf,,X1,1420.9473304296716,1
Linear_Corr_RSF_RFGhost,10,0.8591293047433398,0.717266321182251,rf,rsf,,X2,1231.8783225661402,2
Linear_Corr_RSF_RFGhost,10,0.8591293047433398,0.717266321182251,rf,rsf,,X3,378.07230232693234,3
Linear_Corr_RSF_RFGhost,10,0.8591293047433398,0.717266321182251,rf,rsf,,X4,44.19415276502063,4
Linear_Corr_RSF_RFGhost,10,0.8591293047433398,0.717266321182251,rf,rsf,,X5,13.616547047030565,5
Linear_Corr_RSF_RFGhost,11,0.8396167724275228,0.7556271553039551,rf,rsf,,X1,2506.1428099411346,1
Linear_Corr_RSF_RFGhost,11,0.8396167724275228,0.7556271553039551,rf,rsf,,X2,955.5754039130034,2
Linear_Corr_RSF_RFGhost,11,0.8396167724275228,0.7556271553039551,rf,rsf,,X3,695.2077492897741,3
Linear_Corr_RSF_RFGhost,11,0.8396167724275228,0.7556271553039551,rf,rsf,,X4,48.753494618966414,4
Linear_Corr_RSF_RFGhost,11,0.8396167724275228,0.7556271553039551,rf,rsf,,X5,4.865903725489613,5
Linear_Corr_RSF_RFGhost,12,0.7981984236206681,0.8432753086090088,rf,rsf,,X1,2083.1028981809,2
Linear_Corr_RSF_RFGhost,12,0.7981984236206681,0.8432753086090088,rf,rsf,,X2,2126.1815057605495,1
Linear_Corr_RSF_RFGhost,12,0.7981984236206681,0.8432753086090088,rf,rsf,,X3,599.4289244932093,3
Linear_Corr_RSF_RFGhost,12,0.7981984236206681,0.8432753086090088,rf,rsf,,X4,63.87256145780927,4
Linear_Corr_RSF_RFGhost,12,0.7981984236206681,0.8432753086090088,rf,rsf,,X5,18.434648741336932,5
Linear_Corr_RSF_RFGhost,13,0.8207297058452215,0.8326718807220459,rf,rsf,,X1,1272.6637771400713,1
Linear_Corr_RSF_RFGhost,13,0.8207297058452215,0.8326718807220459,rf,rsf,,X2,1120.1688119466246,2
Linear_Corr_RSF_RFGhost,13,0.8207297058452215,0.8326718807220459,rf,rsf,,X3,580.9020824248242,3
Linear_Corr_RSF_RFGhost,13,0.8207297058452215,0.8326718807220459,rf,rsf,,X4,29.64712007786639,5
Linear_Corr_RSF_RFGhost,13,0.8207297058452215,0.8326718807220459,rf,rsf,,X5,36.18311034823678,4
Linear_Corr_RSF_RFGhost,14,0.8075189753320683,0.8892521858215332,rf,rsf,,X1,1375.0027349107543,1
Linear_Corr_RSF_RFGhost,14,0.8075189753320683,0.8892521858215332,rf,rsf,,X2,809.5162520331377,2
Linear_Corr_RSF_RFGhost,14,0.8075189753320683,0.8892521858215332,rf,rsf,,X3,402.0621813647659,3
Linear_Corr_RSF_RFGhost,14,0.8075189753320683,0.8892521858215332,rf,rsf,,X4,127.11363533648502,4
Linear_Corr_RSF_RFGhost,14,0.8075189753320683,0.8892521858215332,rf,rsf,,X5,4.221936454138064,5
Linear_Corr_RSF_RFGhost,15,0.7939501328945703,0.7880594730377197,rf,rsf,,X1,770.5420267631434,2
Linear_Corr_RSF_RFGhost,15,0.7939501328945703,0.7880594730377197,rf,rsf,,X2,2536.2862661282284,1
Linear_Corr_RSF_RFGhost,15,0.7939501328945703,0.7880594730377197,rf,rsf,,X3,690.9269974409401,3
Linear_Corr_RSF_RFGhost,15,0.7939501328945703,0.7880594730377197,rf,rsf,,X4,26.728297667643535,4
Linear_Corr_RSF_RFGhost,15,0.7939501328945703,0.7880594730377197,rf,rsf,,X5,6.428758552631566,5
Linear_Corr_RSF_RFGhost,16,0.8192567567567568,0.8357818126678467,rf,rsf,,X1,1268.7886995459087,2
Linear_Corr_RSF_RFGhost,16,0.8192567567567568,0.8357818126678467,rf,rsf,,X2,1760.9159611898149,1
Linear_Corr_RSF_RFGhost,16,0.8192567567567568,0.8357818126678467,rf,rsf,,X3,864.5312518087948,3
Linear_Corr_RSF_RFGhost,16,0.8192567567567568,0.8357818126678467,rf,rsf,,X4,101.03343363125097,4
Linear_Corr_RSF_RFGhost,16,0.8192567567567568,0.8357818126678467,rf,rsf,,X5,11.599904005284868,5
Linear_Corr_RSF_RFGhost,17,0.8396560445118867,0.8924403190612793,rf,rsf,,X1,1554.0997285224566,2
Linear_Corr_RSF_RFGhost,17,0.8396560445118867,0.8924403190612793,rf,rsf,,X2,1906.7476544833369,1
Linear_Corr_RSF_RFGhost,17,0.8396560445118867,0.8924403190612793,rf,rsf,,X3,578.9213541055664,3
Linear_Corr_RSF_RFGhost,17,0.8396560445118867,0.8924403190612793,rf,rsf,,X4,83.74696224046072,4
Linear_Corr_RSF_RFGhost,17,0.8396560445118867,0.8924403190612793,rf,rsf,,X5,5.2336019579934945,5
Linear_Corr_RSF_RFGhost,18,0.8098017755077223,0.9441180229187012,rf,rsf,,X1,1049.996508492775,1
Linear_Corr_RSF_RFGhost,18,0.8098017755077223,0.9441180229187012,rf,rsf,,X2,1022.2102816706663,2
Linear_Corr_RSF_RFGhost,18,0.8098017755077223,0.9441180229187012,rf,rsf,,X3,765.4283756160532,3
Linear_Corr_RSF_RFGhost,18,0.8098017755077223,0.9441180229187012,rf,rsf,,X4,86.72511283774388,4
Linear_Corr_RSF_RFGhost,18,0.8098017755077223,0.9441180229187012,rf,rsf,,X5,9.321081127841005,5
Linear_Corr_RSF_RFGhost,19,0.849291019581364,1.2210919857025146,rf,rsf,,X1,1891.28108758354,1
Linear_Corr_RSF_RFGhost,19,0.849291019581364,1.2210919857025146,rf,rsf,,X2,1416.2175807460335,2
Linear_Corr_RSF_RFGhost,19,0.849291019581364,1.2210919857025146,rf,rsf,,X3,866.3431302912948,3
Linear_Corr_RSF_RFGhost,19,0.849291019581364,1.2210919857025146,rf,rsf,,X4,16.567181314424044,4
Linear_Corr_RSF_RFGhost,19,0.849291019581364,1.2210919857025146,rf,rsf,,X5,12.14876102865226,5
Linear_Corr_RSF_RFGhost,20,0.8267152121970646,0.9941365718841553,rf,rsf,,X1,2572.9826911871323,1
Linear_Corr_RSF_RFGhost,20,0.8267152121970646,0.9941365718841553,rf,rsf,,X2,984.5904490128963,3
Linear_Corr_RSF_RFGhost,20,0.8267152121970646,0.9941365718841553,rf,rsf,,X3,1239.6492363395655,2
Linear_Corr_RSF_RFGhost,20,0.8267152121970646,0.9941365718841553,rf,rsf,,X4,98.94143374628494,4
Linear_Corr_RSF_RFGhost,20,0.8267152121970646,0.9941365718841553,rf,rsf,,X5,3.863704545105126,5
Linear_Corr_RSF_RFGhost,21,0.8411379657603223,0.9954345226287842,rf,rsf,,X1,1188.1933281653744,2
Linear_Corr_RSF_RFGhost,21,0.8411379657603223,0.9954345226287842,rf,rsf,,X2,1049.7476968017522,3
Linear_Corr_RSF_RFGhost,21,0.8411379657603223,0.9954345226287842,rf,rsf,,X3,1320.250930951537,1
Linear_Corr_RSF_RFGhost,21,0.8411379657603223,0.9954345226287842,rf,rsf,,X4,17.73853078012032,4
Linear_Corr_RSF_RFGhost,21,0.8411379657603223,0.9954345226287842,rf,rsf,,X5,14.894330813394948,5
Linear_Corr_RSF_RFGhost,22,0.7987850235556657,1.074756145477295,rf,rsf,,X1,1404.5046231144154,1
Linear_Corr_RSF_RFGhost,22,0.7987850235556657,1.074756145477295,rf,rsf,,X2,1301.9353924748568,2
Linear_Corr_RSF_RFGhost,22,0.7987850235556657,1.074756145477295,rf,rsf,,X3,489.2308022081977,3
Linear_Corr_RSF_RFGhost,22,0.7987850235556657,1.074756145477295,rf,rsf,,X4,24.60229446088007,4
Linear_Corr_RSF_RFGhost,22,0.7987850235556657,1.074756145477295,rf,rsf,,X5,7.876177603146008,5
Linear_Corr_RSF_RFGhost,23,0.8192394295721791,0.8717741966247559,rf,rsf,,X1,1724.6966626801197,1
Linear_Corr_RSF_RFGhost,23,0.8192394295721791,0.8717741966247559,rf,rsf,,X2,1572.2789068001505,2
Linear_Corr_RSF_RFGhost,23,0.8192394295721791,0.8717741966247559,rf,rsf,,X3,834.3728146696368,3
Linear_Corr_RSF_RFGhost,23,0.8192394295721791,0.8717741966247559,rf,rsf,,X4,122.23243485375363,4
Linear_Corr_RSF_RFGhost,23,0.8192394295721791,0.8717741966247559,rf,rsf,,X5,4.844886723327914,5
Linear_Corr_RSF_RFGhost,24,0.8167705515700341,0.8745689392089844,rf,rsf,,X1,2025.0776218406345,1
Linear_Corr_RSF_RFGhost,24,0.8167705515700341,0.8745689392089844,rf,rsf,,X2,1161.0923927803979,2
Linear_Corr_RSF_RFGhost,24,0.8167705515700341,0.8745689392089844,rf,rsf,,X3,1036.9523439996942,3
Linear_Corr_RSF_RFGhost,24,0.8167705515700341,0.8745689392089844,rf,rsf,,X4,149.47855859945568,4
Linear_Corr_RSF_RFGhost,24,0.8167705515700341,0.8745689392089844,rf,rsf,,X5,8.78681017799771,5
Linear_Corr_RSF_RFGhost,25,0.8192931493585088,0.880171537399292,rf,rsf,,X1,1850.5134474793279,2
Linear_Corr_RSF_RFGhost,25,0.8192931493585088,0.880171537399292,rf,rsf,,X2,1933.5741064826082,1
Linear_Corr_RSF_RFGhost,25,0.8192931493585088,0.880171537399292,rf,rsf,,X3,770.0774640002469,3
Linear_Corr_RSF_RFGhost,25,0.8192931493585088,0.880171537399292,rf,rsf,,X4,33.24994955281608,4
Linear_Corr_RSF_RFGhost,25,0.8192931493585088,0.880171537399292,rf,rsf,,X5,12.683831948387848,5
Linear_Corr_RSF_RFGhost,26,0.826075981320207,0.883638858795166,rf,rsf,,X1,1104.6364803472359,1
Linear_Corr_RSF_RFGhost,26,0.826075981320207,0.883638858795166,rf,rsf,,X2,891.8851748126439,3
Linear_Corr_RSF_RFGhost,26,0.826075981320207,0.883638858795166,rf,rsf,,X3,1088.0709260055603,2
Linear_Corr_RSF_RFGhost,26,0.826075981320207,0.883638858795166,rf,rsf,,X4,77.88332948707162,4
Linear_Corr_RSF_RFGhost,26,0.826075981320207,0.883638858795166,rf,rsf,,X5,8.067877957200817,5
Linear_Corr_RSF_RFGhost,27,0.8134290753338372,0.7923495769500732,rf,rsf,,X1,922.5707447777442,2
Linear_Corr_RSF_RFGhost,27,0.8134290753338372,0.7923495769500732,rf,rsf,,X2,1987.2836182674262,1
Linear_Corr_RSF_RFGhost,27,0.8134290753338372,0.7923495769500732,rf,rsf,,X3,714.953445410172,3
Linear_Corr_RSF_RFGhost,27,0.8134290753338372,0.7923495769500732,rf,rsf,,X4,27.594005114437792,5
Linear_Corr_RSF_RFGhost,27,0.8134290753338372,0.7923495769500732,rf,rsf,,X5,35.35849333379777,4
Linear_Corr_RSF_RFGhost,28,0.8485576923076923,0.8725950717926025,rf,rsf,,X1,1116.9704679178,2
Linear_Corr_RSF_RFGhost,28,0.8485576923076923,0.8725950717926025,rf,rsf,,X2,2256.6580061663944,1
Linear_Corr_RSF_RFGhost,28,0.8485576923076923,0.8725950717926025,rf,rsf,,X3,1085.4036775082093,3
Linear_Corr_RSF_RFGhost,28,0.8485576923076923,0.8725950717926025,rf,rsf,,X4,50.34984580422251,4
Linear_Corr_RSF_RFGhost,28,0.8485576923076923,0.8725950717926025,rf,rsf,,X5,6.725254270121538,5
Linear_Corr_RSF_RFGhost,29,0.847139303482587,0.8716697692871094,rf,rsf,,X1,1074.3818614882948,2
Linear_Corr_RSF_RFGhost,29,0.847139303482587,0.8716697692871094,rf,rsf,,X2,1422.3878227208136,1
Linear_Corr_RSF_RFGhost,29,0.847139303482587,0.8716697692871094,rf,rsf,,X3,876.6891888911251,3
Linear_Corr_RSF_RFGhost,29,0.847139303482587,0.8716697692871094,rf,rsf,,X4,43.11348890287599,4
Linear_Corr_RSF_RFGhost,29,0.847139303482587,0.8716697692871094,rf,rsf,,X5,7.5821748241604805,5
NonLinear_Uncorr_RSF_RFGhost,0,0.7416918429003021,0.903388261795044,rf,rsf,,X1,2577.8188370522616,1
NonLinear_Uncorr_RSF_RFGhost,0,0.7416918429003021,0.903388261795044,rf,rsf,,X2,2154.7259638155183,3
NonLinear_Uncorr_RSF_RFGhost,0,0.7416918429003021,0.903388261795044,rf,rsf,,X3,2369.975221407249,2
NonLinear_Uncorr_RSF_RFGhost,0,0.7416918429003021,0.903388261795044,rf,rsf,,X4,54.85984540236961,4
NonLinear_Uncorr_RSF_RFGhost,0,0.7416918429003021,0.903388261795044,rf,rsf,,X5,48.469847647144086,5
NonLinear_Uncorr_RSF_RFGhost,1,0.7135583185316755,0.920764684677124,rf,rsf,,X1,4278.796500720035,1
NonLinear_Uncorr_RSF_RFGhost,1,0.7135583185316755,0.920764684677124,rf,rsf,,X2,960.4415134563712,2
NonLinear_Uncorr_RSF_RFGhost,1,0.7135583185316755,0.920764684677124,rf,rsf,,X3,550.0366565044668,3
NonLinear_Uncorr_RSF_RFGhost,1,0.7135583185316755,0.920764684677124,rf,rsf,,X4,48.30045239037738,5
NonLinear_Uncorr_RSF_RFGhost,1,0.7135583185316755,0.920764684677124,rf,rsf,,X5,49.07371492398924,4
NonLinear_Uncorr_RSF_RFGhost,2,0.7046805349182764,0.865537166595459,rf,rsf,,X1,4565.21116995966,1
NonLinear_Uncorr_RSF_RFGhost,2,0.7046805349182764,0.865537166595459,rf,rsf,,X2,2188.8128828511976,2
NonLinear_Uncorr_RSF_RFGhost,2,0.7046805349182764,0.865537166595459,rf,rsf,,X3,277.83345356257485,3
NonLinear_Uncorr_RSF_RFGhost,2,0.7046805349182764,0.865537166595459,rf,rsf,,X4,35.66149251320748,5
NonLinear_Uncorr_RSF_RFGhost,2,0.7046805349182764,0.865537166595459,rf,rsf,,X5,38.51287221098714,4
NonLinear_Uncorr_RSF_RFGhost,3,0.7742077464788732,0.844588041305542,rf,rsf,,X1,4834.639327560457,1
NonLinear_Uncorr_RSF_RFGhost,3,0.7742077464788732,0.844588041305542,rf,rsf,,X2,751.5375018025176,3
NonLinear_Uncorr_RSF_RFGhost,3,0.7742077464788732,0.844588041305542,rf,rsf,,X3,917.0832235666054,2
NonLinear_Uncorr_RSF_RFGhost,3,0.7742077464788732,0.844588041305542,rf,rsf,,X4,34.30575295782217,5
NonLinear_Uncorr_RSF_RFGhost,3,0.7742077464788732,0.844588041305542,rf,rsf,,X5,65.57347108768997,4
NonLinear_Uncorr_RSF_RFGhost,4,0.7101615305304159,0.919081449508667,rf,rsf,,X1,3763.8705930289098,1
NonLinear_Uncorr_RSF_RFGhost,4,0.7101615305304159,0.919081449508667,rf,rsf,,X2,1499.1830742624784,3
NonLinear_Uncorr_RSF_RFGhost,4,0.7101615305304159,0.919081449508667,rf,rsf,,X3,1901.73760634372,2
NonLinear_Uncorr_RSF_RFGhost,4,0.7101615305304159,0.919081449508667,rf,rsf,,X4,26.7216295216809,5
NonLinear_Uncorr_RSF_RFGhost,4,0.7101615305304159,0.919081449508667,rf,rsf,,X5,48.31025234006955,4
NonLinear_Uncorr_RSF_RFGhost,5,0.7040178571428571,0.785050630569458,rf,rsf,,X1,7716.5302364191875,1
NonLinear_Uncorr_RSF_RFGhost,5,0.7040178571428571,0.785050630569458,rf,rsf,,X2,2920.2790583316278,2
NonLinear_Uncorr_RSF_RFGhost,5,0.7040178571428571,0.785050630569458,rf,rsf,,X3,775.1880792325647,3
NonLinear_Uncorr_RSF_RFGhost,5,0.7040178571428571,0.785050630569458,rf,rsf,,X4,23.510436599083604,5
NonLinear_Uncorr_RSF_RFGhost,5,0.7040178571428571,0.785050630569458,rf,rsf,,X5,43.35672942002279,4
NonLinear_Uncorr_RSF_RFGhost,6,0.6988902871524997,0.7667500972747803,rf,rsf,,X1,2792.873095129026,1
NonLinear_Uncorr_RSF_RFGhost,6,0.6988902871524997,0.7667500972747803,rf,rsf,,X2,1432.831252176025,2
NonLinear_Uncorr_RSF_RFGhost,6,0.6988902871524997,0.7667500972747803,rf,rsf,,X3,571.0672198559466,3
NonLinear_Uncorr_RSF_RFGhost,6,0.6988902871524997,0.7667500972747803,rf,rsf,,X4,121.53202101097283,4
NonLinear_Uncorr_RSF_RFGhost,6,0.6988902871524997,0.7667500972747803,rf,rsf,,X5,15.754332479634492,5
NonLinear_Uncorr_RSF_RFGhost,7,0.7419580419580419,0.8637933731079102,rf,rsf,,X1,4252.555772855772,1
NonLinear_Uncorr_RSF_RFGhost,7,0.7419580419580419,0.8637933731079102,rf,rsf,,X2,1979.232067918377,2
NonLinear_Uncorr_RSF_RFGhost,7,0.7419580419580419,0.8637933731079102,rf,rsf,,X3,923.8886948469694,3
NonLinear_Uncorr_RSF_RFGhost,7,0.7419580419580419,0.8637933731079102,rf,rsf,,X4,241.3042924102811,4
NonLinear_Uncorr_RSF_RFGhost,7,0.7419580419580419,0.8637933731079102,rf,rsf,,X5,13.786423744278718,5
NonLinear_Uncorr_RSF_RFGhost,8,0.796584035108528,0.8146007061004639,rf,rsf,,X1,3545.999393180834,1
NonLinear_Uncorr_RSF_RFGhost,8,0.796584035108528,0.8146007061004639,rf,rsf,,X2,1057.7533830262014,2
NonLinear_Uncorr_RSF_RFGhost,8,0.796584035108528,0.8146007061004639,rf,rsf,,X3,908.7169678372484,3
NonLinear_Uncorr_RSF_RFGhost,8,0.796584035108528,0.8146007061004639,rf,rsf,,X4,20.638412149285852,5
NonLinear_Uncorr_RSF_RFGhost,8,0.796584035108528,0.8146007061004639,rf,rsf,,X5,171.16358215673694,4
NonLinear_Uncorr_RSF_RFGhost,9,0.7269898264512268,0.8133971691131592,rf,rsf,,X1,2757.882709907589,1
NonLinear_Uncorr_RSF_RFGhost,9,0.7269898264512268,0.8133971691131592,rf,rsf,,X2,1796.3429241676838,2
NonLinear_Uncorr_RSF_RFGhost,9,0.7269898264512268,0.8133971691131592,rf,rsf,,X3,1020.8151613735547,3
NonLinear_Uncorr_RSF_RFGhost,9,0.7269898264512268,0.8133971691131592,rf,rsf,,X4,56.041198406900854,4
NonLinear_Uncorr_RSF_RFGhost,9,0.7269898264512268,0.8133971691131592,rf,rsf,,X5,41.03466335695332,5
NonLinear_Uncorr_RSF_RFGhost,10,0.689099193831055,0.8592870235443115,rf,rsf,,X1,4393.627569351491,1
NonLinear_Uncorr_RSF_RFGhost,10,0.689099193831055,0.8592870235443115,rf,rsf,,X2,2543.42692485236,2
NonLinear_Uncorr_RSF_RFGhost,10,0.689099193831055,0.8592870235443115,rf,rsf,,X3,529.410014279115,3
NonLinear_Uncorr_RSF_RFGhost,10,0.689099193831055,0.8592870235443115,rf,rsf,,X4,86.17377396287414,4
NonLinear_Uncorr_RSF_RFGhost,10,0.689099193831055,0.8592870235443115,rf,rsf,,X5,33.54034101111156,5
NonLinear_Uncorr_RSF_RFGhost,11,0.750122970978849,0.8585333824157715,rf,rsf,,X1,2795.002225064636,1
NonLinear_Uncorr_RSF_RFGhost,11,0.750122970978849,0.8585333824157715,rf,rsf,,X2,1226.0639439222182,3
NonLinear_Uncorr_RSF_RFGhost,11,0.750122970978849,0.8585333824157715,rf,rsf,,X3,1249.1997836945816,2
NonLinear_Uncorr_RSF_RFGhost,11,0.750122970978849,0.8585333824157715,rf,rsf,,X4,14.051592451484694,5
NonLinear_Uncorr_RSF_RFGhost,11,0.750122970978849,0.8585333824157715,rf,rsf,,X5,50.79433612071991,4
NonLinear_Uncorr_RSF_RFGhost,12,0.7591817759181776,0.8407924175262451,rf,rsf,,X1,2768.8605070356953,1
NonLinear_Uncorr_RSF_RFGhost,12,0.7591817759181776,0.8407924175262451,rf,rsf,,X2,1484.2855274420147,2
NonLinear_Uncorr_RSF_RFGhost,12,0.7591817759181776,0.8407924175262451,rf,rsf,,X3,642.9313576785735,3
NonLinear_Uncorr_RSF_RFGhost,12,0.7591817759181776,0.8407924175262451,rf,rsf,,X4,29.28583571459272,5
NonLinear_Uncorr_RSF_RFGhost,12,0.7591817759181776,0.8407924175262451,rf,rsf,,X5,40.26148511512889,4
NonLinear_Uncorr_RSF_RFGhost,13,0.6862064978610244,0.8543965816497803,rf,rsf,,X1,4792.482334296729,1
NonLinear_Uncorr_RSF_RFGhost,13,0.6862064978610244,0.8543965816497803,rf,rsf,,X2,762.7860440019263,3
NonLinear_Uncorr_RSF_RFGhost,13,0.6862064978610244,0.8543965816497803,rf,rsf,,X3,2196.981460824788,2
NonLinear_Uncorr_RSF_RFGhost,13,0.6862064978610244,0.8543965816497803,rf,rsf,,X4,119.92271542548794,4
NonLinear_Uncorr_RSF_RFGhost,13,0.6862064978610244,0.8543965816497803,rf,rsf,,X5,27.902731590592253,5
NonLinear_Uncorr_RSF_RFGhost,14,0.7062928791104802,0.8514525890350342,rf,rsf,,X1,5149.72801383526,1
NonLinear_Uncorr_RSF_RFGhost,14,0.7062928791104802,0.8514525890350342,rf,rsf,,X2,2478.9717086310065,2
NonLinear_Uncorr_RSF_RFGhost,14,0.7062928791104802,0.8514525890350342,rf,rsf,,X3,873.4259783210895,3
NonLinear_Uncorr_RSF_RFGhost,14,0.7062928791104802,0.8514525890350342,rf,rsf,,X4,107.47069537985651,4
NonLinear_Uncorr_RSF_RFGhost,14,0.7062928791104802,0.8514525890350342,rf,rsf,,X5,38.19413074497066,5
NonLinear_Uncorr_RSF_RFGhost,15,0.6743662639185027,0.8713924884796143,rf,rsf,,X1,3033.216035947914,1
NonLinear_Uncorr_RSF_RFGhost,15,0.6743662639185027,0.8713924884796143,rf,rsf,,X2,1361.3114356409285,2
NonLinear_Uncorr_RSF_RFGhost,15,0.6743662639185027,0.8713924884796143,rf,rsf,,X3,1057.426040747334,3
NonLinear_Uncorr_RSF_RFGhost,15,0.6743662639185027,0.8713924884796143,rf,rsf,,X4,55.278975793470444,4
NonLinear_Uncorr_RSF_RFGhost,15,0.6743662639185027,0.8713924884796143,rf,rsf,,X5,26.200362226882657,5
NonLinear_Uncorr_RSF_RFGhost,16,0.7421491378325911,0.8417673110961914,rf,rsf,,X1,3996.0931595412035,1
NonLinear_Uncorr_RSF_RFGhost,16,0.7421491378325911,0.8417673110961914,rf,rsf,,X2,884.0898270418136,2
NonLinear_Uncorr_RSF_RFGhost,16,0.7421491378325911,0.8417673110961914,rf,rsf,,X3,807.3673332968377,3
NonLinear_Uncorr_RSF_RFGhost,16,0.7421491378325911,0.8417673110961914,rf,rsf,,X4,47.30474855748186,5
NonLinear_Uncorr_RSF_RFGhost,16,0.7421491378325911,0.8417673110961914,rf,rsf,,X5,134.6046547568075,4
NonLinear_Uncorr_RSF_RFGhost,17,0.6611389919266856,0.7635219097137451,rf,rsf,,X1,3705.184183470156,1
NonLinear_Uncorr_RSF_RFGhost,17,0.6611389919266856,0.7635219097137451,rf,rsf,,X2,1820.525426671339,2
NonLinear_Uncorr_RSF_RFGhost,17,0.6611389919266856,0.7635219097137451,rf,rsf,,X3,709.2839987057864,3
NonLinear_Uncorr_RSF_RFGhost,17,0.6611389919266856,0.7635219097137451,rf,rsf,,X4,111.85926176351381,4
NonLinear_Uncorr_RSF_RFGhost,17,0.6611389919266856,0.7635219097137451,rf,rsf,,X5,42.01885959225456,5
NonLinear_Uncorr_RSF_RFGhost,18,0.765323359073359,0.7615513801574707,rf,rsf,,X1,3122.4609797844973,1
NonLinear_Uncorr_RSF_RFGhost,18,0.765323359073359,0.7615513801574707,rf,rsf,,X2,831.7293933084728,3
NonLinear_Uncorr_RSF_RFGhost,18,0.765323359073359,0.7615513801574707,rf,rsf,,X3,1030.3273830157177,2
NonLinear_Uncorr_RSF_RFGhost,18,0.765323359073359,0.7615513801574707,rf,rsf,,X4,61.8611913609423,4
NonLinear_Uncorr_RSF_RFGhost,18,0.765323359073359,0.7615513801574707,rf,rsf,,X5,30.01875768914703,5
NonLinear_Uncorr_RSF_RFGhost,19,0.7426194004331471,0.7498974800109863,rf,rsf,,X1,3155.034154878867,1
NonLinear_Uncorr_RSF_RFGhost,19,0.7426194004331471,0.7498974800109863,rf,rsf,,X2,1790.6799340148925,2
NonLinear_Uncorr_RSF_RFGhost,19,0.7426194004331471,0.7498974800109863,rf,rsf,,X3,1164.7025633326166,3
NonLinear_Uncorr_RSF_RFGhost,19,0.7426194004331471,0.7498974800109863,rf,rsf,,X4,17.898186925723643,5
NonLinear_Uncorr_RSF_RFGhost,19,0.7426194004331471,0.7498974800109863,rf,rsf,,X5,115.05874405515884,4
NonLinear_Uncorr_RSF_RFGhost,20,0.739430846703361,0.7671623229980469,rf,rsf,,X1,3185.9305801213663,2
NonLinear_Uncorr_RSF_RFGhost,20,0.739430846703361,0.7671623229980469,rf,rsf,,X2,3332.8484442304502,1
NonLinear_Uncorr_RSF_RFGhost,20,0.739430846703361,0.7671623229980469,rf,rsf,,X3,549.6338116617181,3
NonLinear_Uncorr_RSF_RFGhost,20,0.739430846703361,0.7671623229980469,rf,rsf,,X4,30.914764512909386,5
NonLinear_Uncorr_RSF_RFGhost,20,0.739430846703361,0.7671623229980469,rf,rsf,,X5,55.00195810191002,4
NonLinear_Uncorr_RSF_RFGhost,21,0.7196691176470589,0.8155927658081055,rf,rsf,,X1,4664.681936528443,1
NonLinear_Uncorr_RSF_RFGhost,21,0.7196691176470589,0.8155927658081055,rf,rsf,,X2,824.9664078005699,3
NonLinear_Uncorr_RSF_RFGhost,21,0.7196691176470589,0.8155927658081055,rf,rsf,,X3,1040.4253187161432,2
NonLinear_Uncorr_RSF_RFGhost,21,0.7196691176470589,0.8155927658081055,rf,rsf,,X4,64.52595927794195,5
NonLinear_Uncorr_RSF_RFGhost,21,0.7196691176470589,0.8155927658081055,rf,rsf,,X5,98.75154301177582,4
NonLinear_Uncorr_RSF_RFGhost,22,0.7630347593582888,0.7617049217224121,rf,rsf,,X1,4791.785675954437,1
NonLinear_Uncorr_RSF_RFGhost,22,0.7630347593582888,0.7617049217224121,rf,rsf,,X2,1127.510218429909,2
NonLinear_Uncorr_RSF_RFGhost,22,0.7630347593582888,0.7617049217224121,rf,rsf,,X3,716.1263129114323,3
NonLinear_Uncorr_RSF_RFGhost,22,0.7630347593582888,0.7617049217224121,rf,rsf,,X4,457.259641784236,4
NonLinear_Uncorr_RSF_RFGhost,22,0.7630347593582888,0.7617049217224121,rf,rsf,,X5,41.65899280981661,5
NonLinear_Uncorr_RSF_RFGhost,23,0.749967612385024,0.8566224575042725,rf,rsf,,X1,2760.8220002686503,1
NonLinear_Uncorr_RSF_RFGhost,23,0.749967612385024,0.8566224575042725,rf,rsf,,X2,1164.2222997267202,2
NonLinear_Uncorr_RSF_RFGhost,23,0.749967612385024,0.8566224575042725,rf,rsf,,X3,553.0559731548641,3
NonLinear_Uncorr_RSF_RFGhost,23,0.749967612385024,0.8566224575042725,rf,rsf,,X4,102.41258342078895,4
NonLinear_Uncorr_RSF_RFGhost,23,0.749967612385024,0.8566224575042725,rf,rsf,,X5,12.518628384834662,5
NonLinear_Uncorr_RSF_RFGhost,24,0.756383712905452,0.8388462066650391,rf,rsf,,X1,2087.9335390477963,1
NonLinear_Uncorr_RSF_RFGhost,24,0.756383712905452,0.8388462066650391,rf,rsf,,X2,1120.5100511111652,2
NonLinear_Uncorr_RSF_RFGhost,24,0.756383712905452,0.8388462066650391,rf,rsf,,X3,662.082348430352,3
NonLinear_Uncorr_RSF_RFGhost,24,0.756383712905452,0.8388462066650391,rf,rsf,,X4,44.75468166257978,5
NonLinear_Uncorr_RSF_RFGhost,24,0.756383712905452,0.8388462066650391,rf,rsf,,X5,159.46382312356332,4
NonLinear_Uncorr_RSF_RFGhost,25,0.7042105263157895,0.7630116939544678,rf,rsf,,X1,4703.922149936295,1
NonLinear_Uncorr_RSF_RFGhost,25,0.7042105263157895,0.7630116939544678,rf,rsf,,X2,1078.472380597915,2
NonLinear_Uncorr_RSF_RFGhost,25,0.7042105263157895,0.7630116939544678,rf,rsf,,X3,623.1698851558987,3
NonLinear_Uncorr_RSF_RFGhost,25,0.7042105263157895,0.7630116939544678,rf,rsf,,X4,18.449555089451145,5
NonLinear_Uncorr_RSF_RFGhost,25,0.7042105263157895,0.7630116939544678,rf,rsf,,X5,65.60590626648428,4
NonLinear_Uncorr_RSF_RFGhost,26,0.736830102622577,0.8321743011474609,rf,rsf,,X1,7857.469116184572,1
NonLinear_Uncorr_RSF_RFGhost,26,0.736830102622577,0.8321743011474609,rf,rsf,,X2,1807.4075033381837,3
NonLinear_Uncorr_RSF_RFGhost,26,0.736830102622577,0.8321743011474609,rf,rsf,,X3,1937.757689207214,2
NonLinear_Uncorr_RSF_RFGhost,26,0.736830102622577,0.8321743011474609,rf,rsf,,X4,21.26822805668,5
NonLinear_Uncorr_RSF_RFGhost,26,0.736830102622577,0.8321743011474609,rf,rsf,,X5,32.7846094093845,4
NonLinear_Uncorr_RSF_RFGhost,27,0.7378663268852079,0.7945373058319092,rf,rsf,,X1,3860.254301556585,1
NonLinear_Uncorr_RSF_RFGhost,27,0.7378663268852079,0.7945373058319092,rf,rsf,,X2,984.1034021994444,3
NonLinear_Uncorr_RSF_RFGhost,27,0.7378663268852079,0.7945373058319092,rf,rsf,,X3,996.4855256715917,2
NonLinear_Uncorr_RSF_RFGhost,27,0.7378663268852079,0.7945373058319092,rf,rsf,,X4,15.993165016851602,5
NonLinear_Uncorr_RSF_RFGhost,27,0.7378663268852079,0.7945373058319092,rf,rsf,,X5,108.25173080319883,4
NonLinear_Uncorr_RSF_RFGhost,28,0.7052545155993432,0.768110990524292,rf,rsf,,X1,2267.599054433542,1
NonLinear_Uncorr_RSF_RFGhost,28,0.7052545155993432,0.768110990524292,rf,rsf,,X2,604.4963640781259,3
NonLinear_Uncorr_RSF_RFGhost,28,0.7052545155993432,0.768110990524292,rf,rsf,,X3,955.5582423862683,2
NonLinear_Uncorr_RSF_RFGhost,28,0.7052545155993432,0.768110990524292,rf,rsf,,X4,94.52689453723947,4
NonLinear_Uncorr_RSF_RFGhost,28,0.7052545155993432,0.768110990524292,rf,rsf,,X5,61.9446620313388,5
NonLinear_Uncorr_RSF_RFGhost,29,0.7463693539165237,0.8259906768798828,rf,rsf,,X1,4500.5477850848265,1
NonLinear_Uncorr_RSF_RFGhost,29,0.7463693539165237,0.8259906768798828,rf,rsf,,X2,1001.0297936449646,2
NonLinear_Uncorr_RSF_RFGhost,29,0.7463693539165237,0.8259906768798828,rf,rsf,,X3,558.6944672977112,3
NonLinear_Uncorr_RSF_RFGhost,29,0.7463693539165237,0.8259906768798828,rf,rsf,,X4,33.122797591605845,5
NonLinear_Uncorr_RSF_RFGhost,29,0.7463693539165237,0.8259906768798828,rf,rsf,,X5,103.21213782368189,4
NonLinear_Corr_RSF_RFGhost,0,0.7248552434055329,0.8237531185150146,rf,rsf,,X1,1666.2932203563598,2
NonLinear_Corr_RSF_RFGhost,0,0.7248552434055329,0.8237531185150146,rf,rsf,,X2,1697.0657488386319,1
NonLinear_Corr_RSF_RFGhost,0,0.7248552434055329,0.8237531185150146,rf,rsf,,X3,686.9932820965242,3
NonLinear_Corr_RSF_RFGhost,0,0.7248552434055329,0.8237531185150146,rf,rsf,,X4,121.57131410980689,4
NonLinear_Corr_RSF_RFGhost,0,0.7248552434055329,0.8237531185150146,rf,rsf,,X5,62.47106788250128,5
NonLinear_Corr_RSF_RFGhost,1,0.7537446903644087,0.9312682151794434,rf,rsf,,X1,1514.5930280464615,2
NonLinear_Corr_RSF_RFGhost,1,0.7537446903644087,0.9312682151794434,rf,rsf,,X2,2580.4624795713044,1
NonLinear_Corr_RSF_RFGhost,1,0.7537446903644087,0.9312682151794434,rf,rsf,,X3,887.1587221744292,3
NonLinear_Corr_RSF_RFGhost,1,0.7537446903644087,0.9312682151794434,rf,rsf,,X4,96.3220507817354,4
NonLinear_Corr_RSF_RFGhost,1,0.7537446903644087,0.9312682151794434,rf,rsf,,X5,39.13365744738422,5
NonLinear_Corr_RSF_RFGhost,2,0.7439038351459645,0.9042313098907471,rf,rsf,,X1,1873.0231489434427,2
NonLinear_Corr_RSF_RFGhost,2,0.7439038351459645,0.9042313098907471,rf,rsf,,X2,2738.4002083891814,1
NonLinear_Corr_RSF_RFGhost,2,0.7439038351459645,0.9042313098907471,rf,rsf,,X3,377.3304961160699,3
NonLinear_Corr_RSF_RFGhost,2,0.7439038351459645,0.9042313098907471,rf,rsf,,X4,85.27238377058998,4
NonLinear_Corr_RSF_RFGhost,2,0.7439038351459645,0.9042313098907471,rf,rsf,,X5,27.048031104821888,5
NonLinear_Corr_RSF_RFGhost,3,0.6956720861002977,0.7395143508911133,rf,rsf,,X1,1878.6645111000266,2
NonLinear_Corr_RSF_RFGhost,3,0.6956720861002977,0.7395143508911133,rf,rsf,,X2,2872.7589060203004,1
NonLinear_Corr_RSF_RFGhost,3,0.6956720861002977,0.7395143508911133,rf,rsf,,X3,442.6704526248352,3
NonLinear_Corr_RSF_RFGhost,3,0.6956720861002977,0.7395143508911133,rf,rsf,,X4,183.44294577493832,4
NonLinear_Corr_RSF_RFGhost,3,0.6956720861002977,0.7395143508911133,rf,rsf,,X5,36.226373606865636,5
NonLinear_Corr_RSF_RFGhost,4,0.7409292035398231,0.7495112419128418,rf,rsf,,X1,2695.7230206332733,1
NonLinear_Corr_RSF_RFGhost,4,0.7409292035398231,0.7495112419128418,rf,rsf,,X2,2173.5636136355633,2
NonLinear_Corr_RSF_RFGhost,4,0.7409292035398231,0.7495112419128418,rf,rsf,,X3,642.33160775374,3
NonLinear_Corr_RSF_RFGhost,4,0.7409292035398231,0.7495112419128418,rf,rsf,,X4,43.92503358617035,4
NonLinear_Corr_RSF_RFGhost,4,0.7409292035398231,0.7495112419128418,rf,rsf,,X5,38.54617363342505,5
NonLinear_Corr_RSF_RFGhost,5,0.7588242238224531,0.7354488372802734,rf,rsf,,X1,1371.4815209752999,2
NonLinear_Corr_RSF_RFGhost,5,0.7588242238224531,0.7354488372802734,rf,rsf,,X2,1914.5752546076064,1
NonLinear_Corr_RSF_RFGhost,5,0.7588242238224531,0.7354488372802734,rf,rsf,,X3,511.0087919490731,3
NonLinear_Corr_RSF_RFGhost,5,0.7588242238224531,0.7354488372802734,rf,rsf,,X4,27.81040646181226,5
NonLinear_Corr_RSF_RFGhost,5,0.7588242238224531,0.7354488372802734,rf,rsf,,X5,53.298826010282916,4
NonLinear_Corr_RSF_RFGhost,6,0.7359210231097151,0.7667076587677002,rf,rsf,,X1,2163.7742989095213,2
NonLinear_Corr_RSF_RFGhost,6,0.7359210231097151,0.7667076587677002,rf,rsf,,X2,2864.3006946941737,1
NonLinear_Corr_RSF_RFGhost,6,0.7359210231097151,0.7667076587677002,rf,rsf,,X3,252.00495649743746,3
NonLinear_Corr_RSF_RFGhost,6,0.7359210231097151,0.7667076587677002,rf,rsf,,X4,49.5283734585659,4
NonLinear_Corr_RSF_RFGhost,6,0.7359210231097151,0.7667076587677002,rf,rsf,,X5,20.833401017343352,5
NonLinear_Corr_RSF_RFGhost,7,0.7378484220225754,0.720029354095459,rf,rsf,,X1,1822.2626687054085,1
NonLinear_Corr_RSF_RFGhost,7,0.7378484220225754,0.720029354095459,rf,rsf,,X2,1441.5317263838986,2
NonLinear_Corr_RSF_RFGhost,7,0.7378484220225754,0.720029354095459,rf,rsf,,X3,741.8960923705464,3
NonLinear_Corr_RSF_RFGhost,7,0.7378484220225754,0.720029354095459,rf,rsf,,X4,40.85221279922914,5
NonLinear_Corr_RSF_RFGhost,7,0.7378484220225754,0.720029354095459,rf,rsf,,X5,109.9930531414405,4
NonLinear_Corr_RSF_RFGhost,8,0.7377717391304348,0.7668218612670898,rf,rsf,,X1,1944.4702600219653,1
NonLinear_Corr_RSF_RFGhost,8,0.7377717391304348,0.7668218612670898,rf,rsf,,X2,1831.2773446596118,2
NonLinear_Corr_RSF_RFGhost,8,0.7377717391304348,0.7668218612670898,rf,rsf,,X3,405.3754643963239,3
NonLinear_Corr_RSF_RFGhost,8,0.7377717391304348,0.7668218612670898,rf,rsf,,X4,146.4715429128137,4
NonLinear_Corr_RSF_RFGhost,8,0.7377717391304348,0.7668218612670898,rf,rsf,,X5,25.84280115452875,5
NonLinear_Corr_RSF_RFGhost,9,0.737147084206633,0.7665998935699463,rf,rsf,,X1,2215.203213344883,1
NonLinear_Corr_RSF_RFGhost,9,0.737147084206633,0.7665998935699463,rf,rsf,,X2,1466.8590841307278,2
NonLinear_Corr_RSF_RFGhost,9,0.737147084206633,0.7665998935699463,rf,rsf,,X3,307.80083115743287,3
NonLinear_Corr_RSF_RFGhost,9,0.737147084206633,0.7665998935699463,rf,rsf,,X4,22.694516240009648,5
NonLinear_Corr_RSF_RFGhost,9,0.737147084206633,0.7665998935699463,rf,rsf,,X5,113.17101190639049,4
NonLinear_Corr_RSF_RFGhost,10,0.7404981873465092,0.7320923805236816,rf,rsf,,X1,1203.4157321070027,2
NonLinear_Corr_RSF_RFGhost,10,0.7404981873465092,0.7320923805236816,rf,rsf,,X2,1744.7921144519185,1
NonLinear_Corr_RSF_RFGhost,10,0.7404981873465092,0.7320923805236816,rf,rsf,,X3,655.0131254408474,3
NonLinear_Corr_RSF_RFGhost,10,0.7404981873465092,0.7320923805236816,rf,rsf,,X4,22.989990096172882,5
NonLinear_Corr_RSF_RFGhost,10,0.7404981873465092,0.7320923805236816,rf,rsf,,X5,31.93273602443523,4
NonLinear_Corr_RSF_RFGhost,11,0.7528192277024718,0.7664163112640381,rf,rsf,,X1,1626.0222578000398,2
NonLinear_Corr_RSF_RFGhost,11,0.7528192277024718,0.7664163112640381,rf,rsf,,X2,3378.077927236883,1
NonLinear_Corr_RSF_RFGhost,11,0.7528192277024718,0.7664163112640381,rf,rsf,,X3,927.8608785940497,3
NonLinear_Corr_RSF_RFGhost,11,0.7528192277024718,0.7664163112640381,rf,rsf,,X4,29.361591843009567,5
NonLinear_Corr_RSF_RFGhost,11,0.7528192277024718,0.7664163112640381,rf,rsf,,X5,61.62266132753973,4
NonLinear_Corr_RSF_RFGhost,12,0.7483158475980122,0.735999345779419,rf,rsf,,X1,2220.8828529111233,2
NonLinear_Corr_RSF_RFGhost,12,0.7483158475980122,0.735999345779419,rf,rsf,,X2,4485.809804763974,1
NonLinear_Corr_RSF_RFGhost,12,0.7483158475980122,0.735999345779419,rf,rsf,,X3,461.5595489531216,3
NonLinear_Corr_RSF_RFGhost,12,0.7483158475980122,0.735999345779419,rf,rsf,,X4,156.6757066996596,4
NonLinear_Corr_RSF_RFGhost,12,0.7483158475980122,0.735999345779419,rf,rsf,,X5,26.206950204797096,5
NonLinear_Corr_RSF_RFGhost,13,0.6914094114926581,0.8839399814605713,rf,rsf,,X1,2268.6928447936593,1
NonLinear_Corr_RSF_RFGhost,13,0.6914094114926581,0.8839399814605713,rf,rsf,,X2,2030.6615651781217,2
NonLinear_Corr_RSF_RFGhost,13,0.6914094114926581,0.8839399814605713,rf,rsf,,X3,531.9181049072089,3
NonLinear_Corr_RSF_RFGhost,13,0.6914094114926581,0.8839399814605713,rf,rsf,,X4,97.07690026474614,4
NonLinear_Corr_RSF_RFGhost,13,0.6914094114926581,0.8839399814605713,rf,rsf,,X5,29.949907158468978,5
NonLinear_Corr_RSF_RFGhost,14,0.73760092272203,0.8507354259490967,rf,rsf,,X1,1236.4089049998731,2
NonLinear_Corr_RSF_RFGhost,14,0.73760092272203,0.8507354259490967,rf,rsf,,X2,2115.8433312330226,1
NonLinear_Corr_RSF_RFGhost,14,0.73760092272203,0.8507354259490967,rf,rsf,,X3,336.19750848031543,3
NonLinear_Corr_RSF_RFGhost,14,0.73760092272203,0.8507354259490967,rf,rsf,,X4,46.03539267569535,5
NonLinear_Corr_RSF_RFGhost,14,0.73760092272203,0.8507354259490967,rf,rsf,,X5,79.54762862931825,4
NonLinear_Corr_RSF_RFGhost,15,0.7061678702497928,0.7683348655700684,rf,rsf,,X1,1424.219698116672,2
NonLinear_Corr_RSF_RFGhost,15,0.7061678702497928,0.7683348655700684,rf,rsf,,X2,2093.248490074147,1
NonLinear_Corr_RSF_RFGhost,15,0.7061678702497928,0.7683348655700684,rf,rsf,,X3,249.94978545480632,3
NonLinear_Corr_RSF_RFGhost,15,0.7061678702497928,0.7683348655700684,rf,rsf,,X4,132.0264915827788,4
NonLinear_Corr_RSF_RFGhost,15,0.7061678702497928,0.7683348655700684,rf,rsf,,X5,87.50560876525773,5
NonLinear_Corr_RSF_RFGhost,16,0.7392057261602402,0.8852384090423584,rf,rsf,,X1,2125.32906940054,1
NonLinear_Corr_RSF_RFGhost,16,0.7392057261602402,0.8852384090423584,rf,rsf,,X2,1973.7203155316952,2
NonLinear_Corr_RSF_RFGhost,16,0.7392057261602402,0.8852384090423584,rf,rsf,,X3,838.5099336016857,3
NonLinear_Corr_RSF_RFGhost,16,0.7392057261602402,0.8852384090423584,rf,rsf,,X4,45.91596198025631,4
NonLinear_Corr_RSF_RFGhost,16,0.7392057261602402,0.8852384090423584,rf,rsf,,X5,21.619043621275388,5
NonLinear_Corr_RSF_RFGhost,17,0.7365426197792193,1.097646951675415,rf,rsf,,X1,2744.3141411889997,1
NonLinear_Corr_RSF_RFGhost,17,0.7365426197792193,1.097646951675415,rf,rsf,,X2,2337.1948193055355,2
NonLinear_Corr_RSF_RFGhost,17,0.7365426197792193,1.097646951675415,rf,rsf,,X3,778.6047307798018,3
NonLinear_Corr_RSF_RFGhost,17,0.7365426197792193,1.097646951675415,rf,rsf,,X4,23.28462574680246,4
NonLinear_Corr_RSF_RFGhost,17,0.7365426197792193,1.097646951675415,rf,rsf,,X5,19.952146417948256,5
NonLinear_Corr_RSF_RFGhost,18,0.7687867813490267,1.1356635093688965,rf,rsf,,X1,2242.8194500525237,1
NonLinear_Corr_RSF_RFGhost,18,0.7687867813490267,1.1356635093688965,rf,rsf,,X2,1878.8724391340704,2
NonLinear_Corr_RSF_RFGhost,18,0.7687867813490267,1.1356635093688965,rf,rsf,,X3,592.4947873139092,3
NonLinear_Corr_RSF_RFGhost,18,0.7687867813490267,1.1356635093688965,rf,rsf,,X4,38.381255584369526,5
NonLinear_Corr_RSF_RFGhost,18,0.7687867813490267,1.1356635093688965,rf,rsf,,X5,71.16568640691027,4
NonLinear_Corr_RSF_RFGhost,19,0.7544188224277186,0.9503800868988037,rf,rsf,,X1,1126.5475003725091,2
NonLinear_Corr_RSF_RFGhost,19,0.7544188224277186,0.9503800868988037,rf,rsf,,X2,2779.4488650947224,1
NonLinear_Corr_RSF_RFGhost,19,0.7544188224277186,0.9503800868988037,rf,rsf,,X3,352.5707933098756,3
NonLinear_Corr_RSF_RFGhost,19,0.7544188224277186,0.9503800868988037,rf,rsf,,X4,89.99997819706022,5
NonLinear_Corr_RSF_RFGhost,19,0.7544188224277186,0.9503800868988037,rf,rsf,,X5,92.1184608061343,4
NonLinear_Corr_RSF_RFGhost,20,0.7331956870841936,0.9185659885406494,rf,rsf,,X1,2179.447231699168,2
NonLinear_Corr_RSF_RFGhost,20,0.7331956870841936,0.9185659885406494,rf,rsf,,X2,2186.0770964591034,1
NonLinear_Corr_RSF_RFGhost,20,0.7331956870841936,0.9185659885406494,rf,rsf,,X3,349.15094573531593,3
NonLinear_Corr_RSF_RFGhost,20,0.7331956870841936,0.9185659885406494,rf,rsf,,X4,30.615659199284007,4
NonLinear_Corr_RSF_RFGhost,20,0.7331956870841936,0.9185659885406494,rf,rsf,,X5,24.425256670742364,5
NonLinear_Corr_RSF_RFGhost,21,0.7321344060577378,1.7638771533966064,rf,rsf,,X1,2560.5317511103003,1
NonLinear_Corr_RSF_RFGhost,21,0.7321344060577378,1.7638771533966064,rf,rsf,,X2,1434.3045650155082,2
NonLinear_Corr_RSF_RFGhost,21,0.7321344060577378,1.7638771533966064,rf,rsf,,X3,283.0687819188659,3
NonLinear_Corr_RSF_RFGhost,21,0.7321344060577378,1.7638771533966064,rf,rsf,,X4,27.337065880989204,4
NonLinear_Corr_RSF_RFGhost,21,0.7321344060577378,1.7638771533966064,rf,rsf,,X5,26.1998968934485,5
NonLinear_Corr_RSF_RFGhost,22,0.7698839851692382,1.954751968383789,rf,rsf,,X1,1210.7654174397458,2
NonLinear_Corr_RSF_RFGhost,22,0.7698839851692382,1.954751968383789,rf,rsf,,X2,2835.2613876698156,1
NonLinear_Corr_RSF_RFGhost,22,0.7698839851692382,1.954751968383789,rf,rsf,,X3,342.3991571911311,3
NonLinear_Corr_RSF_RFGhost,22,0.7698839851692382,1.954751968383789,rf,rsf,,X4,17.68097951707034,5
NonLinear_Corr_RSF_RFGhost,22,0.7698839851692382,1.954751968383789,rf,rsf,,X5,29.440953387723123,4
NonLinear_Corr_RSF_RFGhost,23,0.7659551176792556,2.0064995288848877,rf,rsf,,X1,2516.87564889713,2
NonLinear_Corr_RSF_RFGhost,23,0.7659551176792556,2.0064995288848877,rf,rsf,,X2,3014.6258670738302,1
NonLinear_Corr_RSF_RFGhost,23,0.7659551176792556,2.0064995288848877,rf,rsf,,X3,794.0403586240407,3
NonLinear_Corr_RSF_RFGhost,23,0.7659551176792556,2.0064995288848877,rf,rsf,,X4,87.30243337138644,4
NonLinear_Corr_RSF_RFGhost,23,0.7659551176792556,2.0064995288848877,rf,rsf,,X5,38.19080240278078,5
NonLinear_Corr_RSF_RFGhost,24,0.7259631490787269,2.0869715213775635,rf,rsf,,X1,1419.495917809482,2
NonLinear_Corr_RSF_RFGhost,24,0.7259631490787269,2.0869715213775635,rf,rsf,,X2,3723.933913967904,1
NonLinear_Corr_RSF_RFGhost,24,0.7259631490787269,2.0869715213775635,rf,rsf,,X3,836.4794157130468,3
NonLinear_Corr_RSF_RFGhost,24,0.7259631490787269,2.0869715213775635,rf,rsf,,X4,109.95273956861858,5
NonLinear_Corr_RSF_RFGhost,24,0.7259631490787269,2.0869715213775635,rf,rsf,,X5,270.25746460600635,4
NonLinear_Corr_RSF_RFGhost,25,0.7541874151199638,1.8712444305419922,rf,rsf,,X1,1016.3502035559183,2
NonLinear_Corr_RSF_RFGhost,25,0.7541874151199638,1.8712444305419922,rf,rsf,,X2,3792.542679763263,1
NonLinear_Corr_RSF_RFGhost,25,0.7541874151199638,1.8712444305419922,rf,rsf,,X3,809.4290041136438,3
NonLinear_Corr_RSF_RFGhost,25,0.7541874151199638,1.8712444305419922,rf,rsf,,X4,57.06613795748542,4
NonLinear_Corr_RSF_RFGhost,25,0.7541874151199638,1.8712444305419922,rf,rsf,,X5,54.4471926697281,5
NonLinear_Corr_RSF_RFGhost,26,0.7369777080766214,1.92600679397583,rf,rsf,,X1,3579.6128932288343,1
NonLinear_Corr_RSF_RFGhost,26,0.7369777080766214,1.92600679397583,rf,rsf,,X2,2301.6900026385965,2
NonLinear_Corr_RSF_RFGhost,26,0.7369777080766214,1.92600679397583,rf,rsf,,X3,271.66453350343824,3
NonLinear_Corr_RSF_RFGhost,26,0.7369777080766214,1.92600679397583,rf,rsf,,X4,79.06678589788022,4
NonLinear_Corr_RSF_RFGhost,26,0.7369777080766214,1.92600679397583,rf,rsf,,X5,66.11054605852833,5
NonLinear_Corr_RSF_RFGhost,27,0.7594391833722789,2.023223638534546,rf,rsf,,X1,1480.5877900617247,2
NonLinear_Corr_RSF_RFGhost,27,0.7594391833722789,2.023223638534546,rf,rsf,,X2,1723.357192767883,1
NonLinear_Corr_RSF_RFGhost,27,0.7594391833722789,2.023223638534546,rf,rsf,,X3,891.1920113577326,3
NonLinear_Corr_RSF_RFGhost,27,0.7594391833722789,2.023223638534546,rf,rsf,,X4,63.509616147233146,4
NonLinear_Corr_RSF_RFGhost,27,0.7594391833722789,2.023223638534546,rf,rsf,,X5,56.66209348020462,5
NonLinear_Corr_RSF_RFGhost,28,0.7581721915285451,1.9013936519622803,rf,rsf,,X1,2139.636955638491,1
NonLinear_Corr_RSF_RFGhost,28,0.7581721915285451,1.9013936519622803,rf,rsf,,X2,2033.7444167245035,2
NonLinear_Corr_RSF_RFGhost,28,0.7581721915285451,1.9013936519622803,rf,rsf,,X3,605.5725553376687,3
NonLinear_Corr_RSF_RFGhost,28,0.7581721915285451,1.9013936519622803,rf,rsf,,X4,10.111394515051593,5
NonLinear_Corr_RSF_RFGhost,28,0.7581721915285451,1.9013936519622803,rf,rsf,,X5,22.785497723469348,4
NonLinear_Corr_RSF_RFGhost,29,0.7267784846732215,1.9308090209960938,rf,rsf,,X1,3077.1541806652385,1
NonLinear_Corr_RSF_RFGhost,29,0.7267784846732215,1.9308090209960938,rf,rsf,,X2,1350.669375178793,2
NonLinear_Corr_RSF_RFGhost,29,0.7267784846732215,1.9308090209960938,rf,rsf,,X3,240.0217565491257,3
NonLinear_Corr_RSF_RFGhost,29,0.7267784846732215,1.9308090209960938,rf,rsf,,X4,11.066974816806175,5
NonLinear_Corr_RSF_RFGhost,29,0.7267784846732215,1.9308090209960938,rf,rsf,,X5,74.018367821772,4
